The system is: Linux - 5.4.0-193-generic - x86_64
Compiling the C compiler identification source file "CMakeCCompilerId.c" succeeded.
Compiler: /usr/bin/cc 
Build flags: 
Id flags:  

The output was:
0


Compilation of the C compiler identification source "CMakeCCompilerId.c" produced "a.out"

The C compiler identification is GNU, found in "/home/ioannis/Documents/UCL_project/code_development/GPU_code/github_GPU_Hemepure_HIP_CUDA_ROCM_SL/HemePure_GPU/src/build_VP_LBGK/CMakeFiles/3.22.2/CompilerIdC/a.out"

Compiling the CXX compiler identification source file "CMakeCXXCompilerId.cpp" succeeded.
Compiler: /usr/bin/c++ 
Build flags: 
Id flags:  

The output was:
0


Compilation of the CXX compiler identification source "CMakeCXXCompilerId.cpp" produced "a.out"

The CXX compiler identification is GNU, found in "/home/ioannis/Documents/UCL_project/code_development/GPU_code/github_GPU_Hemepure_HIP_CUDA_ROCM_SL/HemePure_GPU/src/build_VP_LBGK/CMakeFiles/3.22.2/CompilerIdCXX/a.out"

Detecting C compiler ABI info compiled with the following output:
Change Dir: /home/ioannis/Documents/UCL_project/code_development/GPU_code/github_GPU_Hemepure_HIP_CUDA_ROCM_SL/HemePure_GPU/src/build_VP_LBGK/CMakeFiles/CMakeTmp

Run Build Command(s):/usr/bin/make -f Makefile cmTC_435e8/fast && /usr/bin/make  -f CMakeFiles/cmTC_435e8.dir/build.make CMakeFiles/cmTC_435e8.dir/build
make[1]: Entering directory '/home/ioannis/Documents/UCL_project/code_development/GPU_code/github_GPU_Hemepure_HIP_CUDA_ROCM_SL/HemePure_GPU/src/build_VP_LBGK/CMakeFiles/CMakeTmp'
Building C object CMakeFiles/cmTC_435e8.dir/CMakeCCompilerABI.c.o
/usr/bin/cc   -v -o CMakeFiles/cmTC_435e8.dir/CMakeCCompilerABI.c.o -c /usr/local/share/cmake-3.22/Modules/CMakeCCompilerABI.c
Using built-in specs.
COLLECT_GCC=/usr/bin/cc
OFFLOAD_TARGET_NAMES=nvptx-none:amdgcn-amdhsa:hsa
OFFLOAD_TARGET_DEFAULT=1
Target: x86_64-linux-gnu
Configured with: ../src/configure -v --with-pkgversion='Ubuntu 10.5.0-1ubuntu1~20.04' --with-bugurl=file:///usr/share/doc/gcc-10/README.Bugs --enable-languages=c,ada,c++,go,brig,d,fortran,objc,obj-c++,m2 --prefix=/usr --with-gcc-major-version-only --program-suffix=-10 --program-prefix=x86_64-linux-gnu- --enable-shared --enable-linker-build-id --libexecdir=/usr/lib --without-included-gettext --enable-threads=posix --libdir=/usr/lib --enable-nls --enable-bootstrap --enable-clocale=gnu --enable-libstdcxx-debug --enable-libstdcxx-time=yes --with-default-libstdcxx-abi=new --enable-gnu-unique-object --disable-vtable-verify --enable-plugin --enable-default-pie --with-system-zlib --enable-libphobos-checking=release --with-target-system-zlib=auto --enable-objc-gc=auto --enable-multiarch --disable-werror --with-arch-32=i686 --with-abi=m64 --with-multilib-list=m32,m64,mx32 --enable-multilib --with-tune=generic --enable-offload-targets=nvptx-none=/build/gcc-10-g5VkgL/gcc-10-10.5.0/debian/tmp-nvptx/usr,amdgcn-amdhsa=/build/gcc-10-g5VkgL/gcc-10-10.5.0/debian/tmp-gcn/usr,hsa --without-cuda-driver --enable-checking=release --build=x86_64-linux-gnu --host=x86_64-linux-gnu --target=x86_64-linux-gnu --with-build-config=bootstrap-lto-lean --enable-link-mutex
Thread model: posix
Supported LTO compression algorithms: zlib zstd
gcc version 10.5.0 (Ubuntu 10.5.0-1ubuntu1~20.04) 
COLLECT_GCC_OPTIONS='-v' '-o' 'CMakeFiles/cmTC_435e8.dir/CMakeCCompilerABI.c.o' '-c' '-mtune=generic' '-march=x86-64'
 /usr/lib/gcc/x86_64-linux-gnu/10/cc1 -quiet -v -imultiarch x86_64-linux-gnu /usr/local/share/cmake-3.22/Modules/CMakeCCompilerABI.c -quiet -dumpbase CMakeCCompilerABI.c -mtune=generic -march=x86-64 -auxbase-strip CMakeFiles/cmTC_435e8.dir/CMakeCCompilerABI.c.o -version -fasynchronous-unwind-tables -fstack-protector-strong -Wformat -Wformat-security -fstack-clash-protection -fcf-protection -o /tmp/cc0VdfsH.s
GNU C17 (Ubuntu 10.5.0-1ubuntu1~20.04) version 10.5.0 (x86_64-linux-gnu)
	compiled by GNU C version 10.5.0, GMP version 6.2.0, MPFR version 4.0.2, MPC version 1.1.0, isl version isl-0.22.1-GMP

GGC heuristics: --param ggc-min-expand=100 --param ggc-min-heapsize=131072
ignoring nonexistent directory "/usr/local/include/x86_64-linux-gnu"
ignoring nonexistent directory "/usr/lib/gcc/x86_64-linux-gnu/10/include-fixed"
ignoring nonexistent directory "/usr/lib/gcc/x86_64-linux-gnu/10/../../../../x86_64-linux-gnu/include"
ignoring nonexistent directory "/usr/local/cuda-11.8/targets/x86_64-linux/include"
#include "..." search starts here:
#include <...> search starts here:
 .
 /usr/lib/gcc/x86_64-linux-gnu/10/include
 /usr/local/include
 /usr/include/x86_64-linux-gnu
 /usr/include
End of search list.
GNU C17 (Ubuntu 10.5.0-1ubuntu1~20.04) version 10.5.0 (x86_64-linux-gnu)
	compiled by GNU C version 10.5.0, GMP version 6.2.0, MPFR version 4.0.2, MPC version 1.1.0, isl version isl-0.22.1-GMP

GGC heuristics: --param ggc-min-expand=100 --param ggc-min-heapsize=131072
Compiler executable checksum: 6dcfe8ebe7b280eb1645446fd19b9039
COLLECT_GCC_OPTIONS='-v' '-o' 'CMakeFiles/cmTC_435e8.dir/CMakeCCompilerABI.c.o' '-c' '-mtune=generic' '-march=x86-64'
 as -v --64 -o CMakeFiles/cmTC_435e8.dir/CMakeCCompilerABI.c.o /tmp/cc0VdfsH.s
GNU assembler version 2.34 (x86_64-linux-gnu) using BFD version (GNU Binutils for Ubuntu) 2.34
COMPILER_PATH=/usr/lib/gcc/x86_64-linux-gnu/10/:/usr/lib/gcc/x86_64-linux-gnu/10/:/usr/lib/gcc/x86_64-linux-gnu/:/usr/lib/gcc/x86_64-linux-gnu/10/:/usr/lib/gcc/x86_64-linux-gnu/
LIBRARY_PATH=/usr/lib/gcc/x86_64-linux-gnu/10/:/usr/lib/gcc/x86_64-linux-gnu/10/../../../x86_64-linux-gnu/:/usr/lib/gcc/x86_64-linux-gnu/10/../../../../lib/:/lib/x86_64-linux-gnu/:/lib/../lib/:/usr/lib/x86_64-linux-gnu/:/usr/lib/../lib/:/usr/lib/gcc/x86_64-linux-gnu/10/../../../:/lib/:/usr/lib/
COLLECT_GCC_OPTIONS='-v' '-o' 'CMakeFiles/cmTC_435e8.dir/CMakeCCompilerABI.c.o' '-c' '-mtune=generic' '-march=x86-64'
Linking C executable cmTC_435e8
/usr/local/bin/cmake -E cmake_link_script CMakeFiles/cmTC_435e8.dir/link.txt --verbose=1
/usr/bin/cc  -v CMakeFiles/cmTC_435e8.dir/CMakeCCompilerABI.c.o -o cmTC_435e8 
Using built-in specs.
COLLECT_GCC=/usr/bin/cc
COLLECT_LTO_WRAPPER=/usr/lib/gcc/x86_64-linux-gnu/10/lto-wrapper
OFFLOAD_TARGET_NAMES=nvptx-none:amdgcn-amdhsa:hsa
OFFLOAD_TARGET_DEFAULT=1
Target: x86_64-linux-gnu
Configured with: ../src/configure -v --with-pkgversion='Ubuntu 10.5.0-1ubuntu1~20.04' --with-bugurl=file:///usr/share/doc/gcc-10/README.Bugs --enable-languages=c,ada,c++,go,brig,d,fortran,objc,obj-c++,m2 --prefix=/usr --with-gcc-major-version-only --program-suffix=-10 --program-prefix=x86_64-linux-gnu- --enable-shared --enable-linker-build-id --libexecdir=/usr/lib --without-included-gettext --enable-threads=posix --libdir=/usr/lib --enable-nls --enable-bootstrap --enable-clocale=gnu --enable-libstdcxx-debug --enable-libstdcxx-time=yes --with-default-libstdcxx-abi=new --enable-gnu-unique-object --disable-vtable-verify --enable-plugin --enable-default-pie --with-system-zlib --enable-libphobos-checking=release --with-target-system-zlib=auto --enable-objc-gc=auto --enable-multiarch --disable-werror --with-arch-32=i686 --with-abi=m64 --with-multilib-list=m32,m64,mx32 --enable-multilib --with-tune=generic --enable-offload-targets=nvptx-none=/build/gcc-10-g5VkgL/gcc-10-10.5.0/debian/tmp-nvptx/usr,amdgcn-amdhsa=/build/gcc-10-g5VkgL/gcc-10-10.5.0/debian/tmp-gcn/usr,hsa --without-cuda-driver --enable-checking=release --build=x86_64-linux-gnu --host=x86_64-linux-gnu --target=x86_64-linux-gnu --with-build-config=bootstrap-lto-lean --enable-link-mutex
Thread model: posix
Supported LTO compression algorithms: zlib zstd
gcc version 10.5.0 (Ubuntu 10.5.0-1ubuntu1~20.04) 
COMPILER_PATH=/usr/lib/gcc/x86_64-linux-gnu/10/:/usr/lib/gcc/x86_64-linux-gnu/10/:/usr/lib/gcc/x86_64-linux-gnu/:/usr/lib/gcc/x86_64-linux-gnu/10/:/usr/lib/gcc/x86_64-linux-gnu/
LIBRARY_PATH=/usr/lib/gcc/x86_64-linux-gnu/10/:/usr/lib/gcc/x86_64-linux-gnu/10/../../../x86_64-linux-gnu/:/usr/lib/gcc/x86_64-linux-gnu/10/../../../../lib/:/lib/x86_64-linux-gnu/:/lib/../lib/:/usr/lib/x86_64-linux-gnu/:/usr/lib/../lib/:/usr/lib/gcc/x86_64-linux-gnu/10/../../../:/lib/:/usr/lib/
COLLECT_GCC_OPTIONS='-v' '-o' 'cmTC_435e8' '-mtune=generic' '-march=x86-64'
 /usr/lib/gcc/x86_64-linux-gnu/10/collect2 -plugin /usr/lib/gcc/x86_64-linux-gnu/10/liblto_plugin.so -plugin-opt=/usr/lib/gcc/x86_64-linux-gnu/10/lto-wrapper -plugin-opt=-fresolution=/tmp/ccBMeKa9.res -plugin-opt=-pass-through=-lgcc -plugin-opt=-pass-through=-lgcc_s -plugin-opt=-pass-through=-lc -plugin-opt=-pass-through=-lgcc -plugin-opt=-pass-through=-lgcc_s --build-id --eh-frame-hdr -m elf_x86_64 --hash-style=gnu --as-needed -dynamic-linker /lib64/ld-linux-x86-64.so.2 -pie -z now -z relro -o cmTC_435e8 /usr/lib/gcc/x86_64-linux-gnu/10/../../../x86_64-linux-gnu/Scrt1.o /usr/lib/gcc/x86_64-linux-gnu/10/../../../x86_64-linux-gnu/crti.o /usr/lib/gcc/x86_64-linux-gnu/10/crtbeginS.o -L/usr/lib/gcc/x86_64-linux-gnu/10 -L/usr/lib/gcc/x86_64-linux-gnu/10/../../../x86_64-linux-gnu -L/usr/lib/gcc/x86_64-linux-gnu/10/../../../../lib -L/lib/x86_64-linux-gnu -L/lib/../lib -L/usr/lib/x86_64-linux-gnu -L/usr/lib/../lib -L/usr/lib/gcc/x86_64-linux-gnu/10/../../.. CMakeFiles/cmTC_435e8.dir/CMakeCCompilerABI.c.o -lgcc --push-state --as-needed -lgcc_s --pop-state -lc -lgcc --push-state --as-needed -lgcc_s --pop-state /usr/lib/gcc/x86_64-linux-gnu/10/crtendS.o /usr/lib/gcc/x86_64-linux-gnu/10/../../../x86_64-linux-gnu/crtn.o
COLLECT_GCC_OPTIONS='-v' '-o' 'cmTC_435e8' '-mtune=generic' '-march=x86-64'
make[1]: Leaving directory '/home/ioannis/Documents/UCL_project/code_development/GPU_code/github_GPU_Hemepure_HIP_CUDA_ROCM_SL/HemePure_GPU/src/build_VP_LBGK/CMakeFiles/CMakeTmp'



Parsed C implicit include dir info from above output: rv=done
  found start of include info
  found start of implicit include info
    add: [.]
    add: [/usr/lib/gcc/x86_64-linux-gnu/10/include]
    add: [/usr/local/include]
    add: [/usr/include/x86_64-linux-gnu]
    add: [/usr/include]
  end of search list found
  skipping relative include dir [.]
  collapse include dir [/usr/lib/gcc/x86_64-linux-gnu/10/include] ==> [/usr/lib/gcc/x86_64-linux-gnu/10/include]
  collapse include dir [/usr/local/include] ==> [/usr/local/include]
  collapse include dir [/usr/include/x86_64-linux-gnu] ==> [/usr/include/x86_64-linux-gnu]
  collapse include dir [/usr/include] ==> [/usr/include]
  implicit include dirs: [/usr/lib/gcc/x86_64-linux-gnu/10/include;/usr/local/include;/usr/include/x86_64-linux-gnu;/usr/include]


Parsed C implicit link information from above output:
  link line regex: [^( *|.*[/\])(ld|CMAKE_LINK_STARTFILE-NOTFOUND|([^/\]+-)?ld|collect2)[^/\]*( |$)]
  ignore line: [Change Dir: /home/ioannis/Documents/UCL_project/code_development/GPU_code/github_GPU_Hemepure_HIP_CUDA_ROCM_SL/HemePure_GPU/src/build_VP_LBGK/CMakeFiles/CMakeTmp]
  ignore line: []
  ignore line: [Run Build Command(s):/usr/bin/make -f Makefile cmTC_435e8/fast && /usr/bin/make  -f CMakeFiles/cmTC_435e8.dir/build.make CMakeFiles/cmTC_435e8.dir/build]
  ignore line: [make[1]: Entering directory '/home/ioannis/Documents/UCL_project/code_development/GPU_code/github_GPU_Hemepure_HIP_CUDA_ROCM_SL/HemePure_GPU/src/build_VP_LBGK/CMakeFiles/CMakeTmp']
  ignore line: [Building C object CMakeFiles/cmTC_435e8.dir/CMakeCCompilerABI.c.o]
  ignore line: [/usr/bin/cc   -v -o CMakeFiles/cmTC_435e8.dir/CMakeCCompilerABI.c.o -c /usr/local/share/cmake-3.22/Modules/CMakeCCompilerABI.c]
  ignore line: [Using built-in specs.]
  ignore line: [COLLECT_GCC=/usr/bin/cc]
  ignore line: [OFFLOAD_TARGET_NAMES=nvptx-none:amdgcn-amdhsa:hsa]
  ignore line: [OFFLOAD_TARGET_DEFAULT=1]
  ignore line: [Target: x86_64-linux-gnu]
  ignore line: [Configured with: ../src/configure -v --with-pkgversion='Ubuntu 10.5.0-1ubuntu1~20.04' --with-bugurl=file:///usr/share/doc/gcc-10/README.Bugs --enable-languages=c ada c++ go brig d fortran objc obj-c++ m2 --prefix=/usr --with-gcc-major-version-only --program-suffix=-10 --program-prefix=x86_64-linux-gnu- --enable-shared --enable-linker-build-id --libexecdir=/usr/lib --without-included-gettext --enable-threads=posix --libdir=/usr/lib --enable-nls --enable-bootstrap --enable-clocale=gnu --enable-libstdcxx-debug --enable-libstdcxx-time=yes --with-default-libstdcxx-abi=new --enable-gnu-unique-object --disable-vtable-verify --enable-plugin --enable-default-pie --with-system-zlib --enable-libphobos-checking=release --with-target-system-zlib=auto --enable-objc-gc=auto --enable-multiarch --disable-werror --with-arch-32=i686 --with-abi=m64 --with-multilib-list=m32 m64 mx32 --enable-multilib --with-tune=generic --enable-offload-targets=nvptx-none=/build/gcc-10-g5VkgL/gcc-10-10.5.0/debian/tmp-nvptx/usr amdgcn-amdhsa=/build/gcc-10-g5VkgL/gcc-10-10.5.0/debian/tmp-gcn/usr hsa --without-cuda-driver --enable-checking=release --build=x86_64-linux-gnu --host=x86_64-linux-gnu --target=x86_64-linux-gnu --with-build-config=bootstrap-lto-lean --enable-link-mutex]
  ignore line: [Thread model: posix]
  ignore line: [Supported LTO compression algorithms: zlib zstd]
  ignore line: [gcc version 10.5.0 (Ubuntu 10.5.0-1ubuntu1~20.04) ]
  ignore line: [COLLECT_GCC_OPTIONS='-v' '-o' 'CMakeFiles/cmTC_435e8.dir/CMakeCCompilerABI.c.o' '-c' '-mtune=generic' '-march=x86-64']
  ignore line: [ /usr/lib/gcc/x86_64-linux-gnu/10/cc1 -quiet -v -imultiarch x86_64-linux-gnu /usr/local/share/cmake-3.22/Modules/CMakeCCompilerABI.c -quiet -dumpbase CMakeCCompilerABI.c -mtune=generic -march=x86-64 -auxbase-strip CMakeFiles/cmTC_435e8.dir/CMakeCCompilerABI.c.o -version -fasynchronous-unwind-tables -fstack-protector-strong -Wformat -Wformat-security -fstack-clash-protection -fcf-protection -o /tmp/cc0VdfsH.s]
  ignore line: [GNU C17 (Ubuntu 10.5.0-1ubuntu1~20.04) version 10.5.0 (x86_64-linux-gnu)]
  ignore line: [	compiled by GNU C version 10.5.0  GMP version 6.2.0  MPFR version 4.0.2  MPC version 1.1.0  isl version isl-0.22.1-GMP]
  ignore line: []
  ignore line: [GGC heuristics: --param ggc-min-expand=100 --param ggc-min-heapsize=131072]
  ignore line: [ignoring nonexistent directory "/usr/local/include/x86_64-linux-gnu"]
  ignore line: [ignoring nonexistent directory "/usr/lib/gcc/x86_64-linux-gnu/10/include-fixed"]
  ignore line: [ignoring nonexistent directory "/usr/lib/gcc/x86_64-linux-gnu/10/../../../../x86_64-linux-gnu/include"]
  ignore line: [ignoring nonexistent directory "/usr/local/cuda-11.8/targets/x86_64-linux/include"]
  ignore line: [#include "..." search starts here:]
  ignore line: [#include <...> search starts here:]
  ignore line: [ .]
  ignore line: [ /usr/lib/gcc/x86_64-linux-gnu/10/include]
  ignore line: [ /usr/local/include]
  ignore line: [ /usr/include/x86_64-linux-gnu]
  ignore line: [ /usr/include]
  ignore line: [End of search list.]
  ignore line: [GNU C17 (Ubuntu 10.5.0-1ubuntu1~20.04) version 10.5.0 (x86_64-linux-gnu)]
  ignore line: [	compiled by GNU C version 10.5.0  GMP version 6.2.0  MPFR version 4.0.2  MPC version 1.1.0  isl version isl-0.22.1-GMP]
  ignore line: []
  ignore line: [GGC heuristics: --param ggc-min-expand=100 --param ggc-min-heapsize=131072]
  ignore line: [Compiler executable checksum: 6dcfe8ebe7b280eb1645446fd19b9039]
  ignore line: [COLLECT_GCC_OPTIONS='-v' '-o' 'CMakeFiles/cmTC_435e8.dir/CMakeCCompilerABI.c.o' '-c' '-mtune=generic' '-march=x86-64']
  ignore line: [ as -v --64 -o CMakeFiles/cmTC_435e8.dir/CMakeCCompilerABI.c.o /tmp/cc0VdfsH.s]
  ignore line: [GNU assembler version 2.34 (x86_64-linux-gnu) using BFD version (GNU Binutils for Ubuntu) 2.34]
  ignore line: [COMPILER_PATH=/usr/lib/gcc/x86_64-linux-gnu/10/:/usr/lib/gcc/x86_64-linux-gnu/10/:/usr/lib/gcc/x86_64-linux-gnu/:/usr/lib/gcc/x86_64-linux-gnu/10/:/usr/lib/gcc/x86_64-linux-gnu/]
  ignore line: [LIBRARY_PATH=/usr/lib/gcc/x86_64-linux-gnu/10/:/usr/lib/gcc/x86_64-linux-gnu/10/../../../x86_64-linux-gnu/:/usr/lib/gcc/x86_64-linux-gnu/10/../../../../lib/:/lib/x86_64-linux-gnu/:/lib/../lib/:/usr/lib/x86_64-linux-gnu/:/usr/lib/../lib/:/usr/lib/gcc/x86_64-linux-gnu/10/../../../:/lib/:/usr/lib/]
  ignore line: [COLLECT_GCC_OPTIONS='-v' '-o' 'CMakeFiles/cmTC_435e8.dir/CMakeCCompilerABI.c.o' '-c' '-mtune=generic' '-march=x86-64']
  ignore line: [Linking C executable cmTC_435e8]
  ignore line: [/usr/local/bin/cmake -E cmake_link_script CMakeFiles/cmTC_435e8.dir/link.txt --verbose=1]
  ignore line: [/usr/bin/cc  -v CMakeFiles/cmTC_435e8.dir/CMakeCCompilerABI.c.o -o cmTC_435e8 ]
  ignore line: [Using built-in specs.]
  ignore line: [COLLECT_GCC=/usr/bin/cc]
  ignore line: [COLLECT_LTO_WRAPPER=/usr/lib/gcc/x86_64-linux-gnu/10/lto-wrapper]
  ignore line: [OFFLOAD_TARGET_NAMES=nvptx-none:amdgcn-amdhsa:hsa]
  ignore line: [OFFLOAD_TARGET_DEFAULT=1]
  ignore line: [Target: x86_64-linux-gnu]
  ignore line: [Configured with: ../src/configure -v --with-pkgversion='Ubuntu 10.5.0-1ubuntu1~20.04' --with-bugurl=file:///usr/share/doc/gcc-10/README.Bugs --enable-languages=c ada c++ go brig d fortran objc obj-c++ m2 --prefix=/usr --with-gcc-major-version-only --program-suffix=-10 --program-prefix=x86_64-linux-gnu- --enable-shared --enable-linker-build-id --libexecdir=/usr/lib --without-included-gettext --enable-threads=posix --libdir=/usr/lib --enable-nls --enable-bootstrap --enable-clocale=gnu --enable-libstdcxx-debug --enable-libstdcxx-time=yes --with-default-libstdcxx-abi=new --enable-gnu-unique-object --disable-vtable-verify --enable-plugin --enable-default-pie --with-system-zlib --enable-libphobos-checking=release --with-target-system-zlib=auto --enable-objc-gc=auto --enable-multiarch --disable-werror --with-arch-32=i686 --with-abi=m64 --with-multilib-list=m32 m64 mx32 --enable-multilib --with-tune=generic --enable-offload-targets=nvptx-none=/build/gcc-10-g5VkgL/gcc-10-10.5.0/debian/tmp-nvptx/usr amdgcn-amdhsa=/build/gcc-10-g5VkgL/gcc-10-10.5.0/debian/tmp-gcn/usr hsa --without-cuda-driver --enable-checking=release --build=x86_64-linux-gnu --host=x86_64-linux-gnu --target=x86_64-linux-gnu --with-build-config=bootstrap-lto-lean --enable-link-mutex]
  ignore line: [Thread model: posix]
  ignore line: [Supported LTO compression algorithms: zlib zstd]
  ignore line: [gcc version 10.5.0 (Ubuntu 10.5.0-1ubuntu1~20.04) ]
  ignore line: [COMPILER_PATH=/usr/lib/gcc/x86_64-linux-gnu/10/:/usr/lib/gcc/x86_64-linux-gnu/10/:/usr/lib/gcc/x86_64-linux-gnu/:/usr/lib/gcc/x86_64-linux-gnu/10/:/usr/lib/gcc/x86_64-linux-gnu/]
  ignore line: [LIBRARY_PATH=/usr/lib/gcc/x86_64-linux-gnu/10/:/usr/lib/gcc/x86_64-linux-gnu/10/../../../x86_64-linux-gnu/:/usr/lib/gcc/x86_64-linux-gnu/10/../../../../lib/:/lib/x86_64-linux-gnu/:/lib/../lib/:/usr/lib/x86_64-linux-gnu/:/usr/lib/../lib/:/usr/lib/gcc/x86_64-linux-gnu/10/../../../:/lib/:/usr/lib/]
  ignore line: [COLLECT_GCC_OPTIONS='-v' '-o' 'cmTC_435e8' '-mtune=generic' '-march=x86-64']
  link line: [ /usr/lib/gcc/x86_64-linux-gnu/10/collect2 -plugin /usr/lib/gcc/x86_64-linux-gnu/10/liblto_plugin.so -plugin-opt=/usr/lib/gcc/x86_64-linux-gnu/10/lto-wrapper -plugin-opt=-fresolution=/tmp/ccBMeKa9.res -plugin-opt=-pass-through=-lgcc -plugin-opt=-pass-through=-lgcc_s -plugin-opt=-pass-through=-lc -plugin-opt=-pass-through=-lgcc -plugin-opt=-pass-through=-lgcc_s --build-id --eh-frame-hdr -m elf_x86_64 --hash-style=gnu --as-needed -dynamic-linker /lib64/ld-linux-x86-64.so.2 -pie -z now -z relro -o cmTC_435e8 /usr/lib/gcc/x86_64-linux-gnu/10/../../../x86_64-linux-gnu/Scrt1.o /usr/lib/gcc/x86_64-linux-gnu/10/../../../x86_64-linux-gnu/crti.o /usr/lib/gcc/x86_64-linux-gnu/10/crtbeginS.o -L/usr/lib/gcc/x86_64-linux-gnu/10 -L/usr/lib/gcc/x86_64-linux-gnu/10/../../../x86_64-linux-gnu -L/usr/lib/gcc/x86_64-linux-gnu/10/../../../../lib -L/lib/x86_64-linux-gnu -L/lib/../lib -L/usr/lib/x86_64-linux-gnu -L/usr/lib/../lib -L/usr/lib/gcc/x86_64-linux-gnu/10/../../.. CMakeFiles/cmTC_435e8.dir/CMakeCCompilerABI.c.o -lgcc --push-state --as-needed -lgcc_s --pop-state -lc -lgcc --push-state --as-needed -lgcc_s --pop-state /usr/lib/gcc/x86_64-linux-gnu/10/crtendS.o /usr/lib/gcc/x86_64-linux-gnu/10/../../../x86_64-linux-gnu/crtn.o]
    arg [/usr/lib/gcc/x86_64-linux-gnu/10/collect2] ==> ignore
    arg [-plugin] ==> ignore
    arg [/usr/lib/gcc/x86_64-linux-gnu/10/liblto_plugin.so] ==> ignore
    arg [-plugin-opt=/usr/lib/gcc/x86_64-linux-gnu/10/lto-wrapper] ==> ignore
    arg [-plugin-opt=-fresolution=/tmp/ccBMeKa9.res] ==> ignore
    arg [-plugin-opt=-pass-through=-lgcc] ==> ignore
    arg [-plugin-opt=-pass-through=-lgcc_s] ==> ignore
    arg [-plugin-opt=-pass-through=-lc] ==> ignore
    arg [-plugin-opt=-pass-through=-lgcc] ==> ignore
    arg [-plugin-opt=-pass-through=-lgcc_s] ==> ignore
    arg [--build-id] ==> ignore
    arg [--eh-frame-hdr] ==> ignore
    arg [-m] ==> ignore
    arg [elf_x86_64] ==> ignore
    arg [--hash-style=gnu] ==> ignore
    arg [--as-needed] ==> ignore
    arg [-dynamic-linker] ==> ignore
    arg [/lib64/ld-linux-x86-64.so.2] ==> ignore
    arg [-pie] ==> ignore
    arg [-znow] ==> ignore
    arg [-zrelro] ==> ignore
    arg [-o] ==> ignore
    arg [cmTC_435e8] ==> ignore
    arg [/usr/lib/gcc/x86_64-linux-gnu/10/../../../x86_64-linux-gnu/Scrt1.o] ==> obj [/usr/lib/gcc/x86_64-linux-gnu/10/../../../x86_64-linux-gnu/Scrt1.o]
    arg [/usr/lib/gcc/x86_64-linux-gnu/10/../../../x86_64-linux-gnu/crti.o] ==> obj [/usr/lib/gcc/x86_64-linux-gnu/10/../../../x86_64-linux-gnu/crti.o]
    arg [/usr/lib/gcc/x86_64-linux-gnu/10/crtbeginS.o] ==> obj [/usr/lib/gcc/x86_64-linux-gnu/10/crtbeginS.o]
    arg [-L/usr/lib/gcc/x86_64-linux-gnu/10] ==> dir [/usr/lib/gcc/x86_64-linux-gnu/10]
    arg [-L/usr/lib/gcc/x86_64-linux-gnu/10/../../../x86_64-linux-gnu] ==> dir [/usr/lib/gcc/x86_64-linux-gnu/10/../../../x86_64-linux-gnu]
    arg [-L/usr/lib/gcc/x86_64-linux-gnu/10/../../../../lib] ==> dir [/usr/lib/gcc/x86_64-linux-gnu/10/../../../../lib]
    arg [-L/lib/x86_64-linux-gnu] ==> dir [/lib/x86_64-linux-gnu]
    arg [-L/lib/../lib] ==> dir [/lib/../lib]
    arg [-L/usr/lib/x86_64-linux-gnu] ==> dir [/usr/lib/x86_64-linux-gnu]
    arg [-L/usr/lib/../lib] ==> dir [/usr/lib/../lib]
    arg [-L/usr/lib/gcc/x86_64-linux-gnu/10/../../..] ==> dir [/usr/lib/gcc/x86_64-linux-gnu/10/../../..]
    arg [CMakeFiles/cmTC_435e8.dir/CMakeCCompilerABI.c.o] ==> ignore
    arg [-lgcc] ==> lib [gcc]
    arg [--push-state] ==> ignore
    arg [--as-needed] ==> ignore
    arg [-lgcc_s] ==> lib [gcc_s]
    arg [--pop-state] ==> ignore
    arg [-lc] ==> lib [c]
    arg [-lgcc] ==> lib [gcc]
    arg [--push-state] ==> ignore
    arg [--as-needed] ==> ignore
    arg [-lgcc_s] ==> lib [gcc_s]
    arg [--pop-state] ==> ignore
    arg [/usr/lib/gcc/x86_64-linux-gnu/10/crtendS.o] ==> obj [/usr/lib/gcc/x86_64-linux-gnu/10/crtendS.o]
    arg [/usr/lib/gcc/x86_64-linux-gnu/10/../../../x86_64-linux-gnu/crtn.o] ==> obj [/usr/lib/gcc/x86_64-linux-gnu/10/../../../x86_64-linux-gnu/crtn.o]
  collapse obj [/usr/lib/gcc/x86_64-linux-gnu/10/../../../x86_64-linux-gnu/Scrt1.o] ==> [/usr/lib/x86_64-linux-gnu/Scrt1.o]
  collapse obj [/usr/lib/gcc/x86_64-linux-gnu/10/../../../x86_64-linux-gnu/crti.o] ==> [/usr/lib/x86_64-linux-gnu/crti.o]
  collapse obj [/usr/lib/gcc/x86_64-linux-gnu/10/../../../x86_64-linux-gnu/crtn.o] ==> [/usr/lib/x86_64-linux-gnu/crtn.o]
  collapse library dir [/usr/lib/gcc/x86_64-linux-gnu/10] ==> [/usr/lib/gcc/x86_64-linux-gnu/10]
  collapse library dir [/usr/lib/gcc/x86_64-linux-gnu/10/../../../x86_64-linux-gnu] ==> [/usr/lib/x86_64-linux-gnu]
  collapse library dir [/usr/lib/gcc/x86_64-linux-gnu/10/../../../../lib] ==> [/usr/lib]
  collapse library dir [/lib/x86_64-linux-gnu] ==> [/lib/x86_64-linux-gnu]
  collapse library dir [/lib/../lib] ==> [/lib]
  collapse library dir [/usr/lib/x86_64-linux-gnu] ==> [/usr/lib/x86_64-linux-gnu]
  collapse library dir [/usr/lib/../lib] ==> [/usr/lib]
  collapse library dir [/usr/lib/gcc/x86_64-linux-gnu/10/../../..] ==> [/usr/lib]
  implicit libs: [gcc;gcc_s;c;gcc;gcc_s]
  implicit objs: [/usr/lib/x86_64-linux-gnu/Scrt1.o;/usr/lib/x86_64-linux-gnu/crti.o;/usr/lib/gcc/x86_64-linux-gnu/10/crtbeginS.o;/usr/lib/gcc/x86_64-linux-gnu/10/crtendS.o;/usr/lib/x86_64-linux-gnu/crtn.o]
  implicit dirs: [/usr/lib/gcc/x86_64-linux-gnu/10;/usr/lib/x86_64-linux-gnu;/usr/lib;/lib/x86_64-linux-gnu;/lib]
  implicit fwks: []


Detecting CXX compiler ABI info compiled with the following output:
Change Dir: /home/ioannis/Documents/UCL_project/code_development/GPU_code/github_GPU_Hemepure_HIP_CUDA_ROCM_SL/HemePure_GPU/src/build_VP_LBGK/CMakeFiles/CMakeTmp

Run Build Command(s):/usr/bin/make -f Makefile cmTC_bf099/fast && /usr/bin/make  -f CMakeFiles/cmTC_bf099.dir/build.make CMakeFiles/cmTC_bf099.dir/build
make[1]: Entering directory '/home/ioannis/Documents/UCL_project/code_development/GPU_code/github_GPU_Hemepure_HIP_CUDA_ROCM_SL/HemePure_GPU/src/build_VP_LBGK/CMakeFiles/CMakeTmp'
Building CXX object CMakeFiles/cmTC_bf099.dir/CMakeCXXCompilerABI.cpp.o
/usr/bin/c++   -v -std=c++14 -o CMakeFiles/cmTC_bf099.dir/CMakeCXXCompilerABI.cpp.o -c /usr/local/share/cmake-3.22/Modules/CMakeCXXCompilerABI.cpp
Using built-in specs.
COLLECT_GCC=/usr/bin/c++
OFFLOAD_TARGET_NAMES=nvptx-none:amdgcn-amdhsa:hsa
OFFLOAD_TARGET_DEFAULT=1
Target: x86_64-linux-gnu
Configured with: ../src/configure -v --with-pkgversion='Ubuntu 10.5.0-1ubuntu1~20.04' --with-bugurl=file:///usr/share/doc/gcc-10/README.Bugs --enable-languages=c,ada,c++,go,brig,d,fortran,objc,obj-c++,m2 --prefix=/usr --with-gcc-major-version-only --program-suffix=-10 --program-prefix=x86_64-linux-gnu- --enable-shared --enable-linker-build-id --libexecdir=/usr/lib --without-included-gettext --enable-threads=posix --libdir=/usr/lib --enable-nls --enable-bootstrap --enable-clocale=gnu --enable-libstdcxx-debug --enable-libstdcxx-time=yes --with-default-libstdcxx-abi=new --enable-gnu-unique-object --disable-vtable-verify --enable-plugin --enable-default-pie --with-system-zlib --enable-libphobos-checking=release --with-target-system-zlib=auto --enable-objc-gc=auto --enable-multiarch --disable-werror --with-arch-32=i686 --with-abi=m64 --with-multilib-list=m32,m64,mx32 --enable-multilib --with-tune=generic --enable-offload-targets=nvptx-none=/build/gcc-10-g5VkgL/gcc-10-10.5.0/debian/tmp-nvptx/usr,amdgcn-amdhsa=/build/gcc-10-g5VkgL/gcc-10-10.5.0/debian/tmp-gcn/usr,hsa --without-cuda-driver --enable-checking=release --build=x86_64-linux-gnu --host=x86_64-linux-gnu --target=x86_64-linux-gnu --with-build-config=bootstrap-lto-lean --enable-link-mutex
Thread model: posix
Supported LTO compression algorithms: zlib zstd
gcc version 10.5.0 (Ubuntu 10.5.0-1ubuntu1~20.04) 
COLLECT_GCC_OPTIONS='-v' '-std=c++14' '-o' 'CMakeFiles/cmTC_bf099.dir/CMakeCXXCompilerABI.cpp.o' '-c' '-shared-libgcc' '-mtune=generic' '-march=x86-64'
 /usr/lib/gcc/x86_64-linux-gnu/10/cc1plus -quiet -v -imultiarch x86_64-linux-gnu -D_GNU_SOURCE /usr/local/share/cmake-3.22/Modules/CMakeCXXCompilerABI.cpp -quiet -dumpbase CMakeCXXCompilerABI.cpp -mtune=generic -march=x86-64 -auxbase-strip CMakeFiles/cmTC_bf099.dir/CMakeCXXCompilerABI.cpp.o -std=c++14 -version -fasynchronous-unwind-tables -fstack-protector-strong -Wformat -Wformat-security -fstack-clash-protection -fcf-protection -o /tmp/ccI5yAVG.s
GNU C++14 (Ubuntu 10.5.0-1ubuntu1~20.04) version 10.5.0 (x86_64-linux-gnu)
	compiled by GNU C version 10.5.0, GMP version 6.2.0, MPFR version 4.0.2, MPC version 1.1.0, isl version isl-0.22.1-GMP

GGC heuristics: --param ggc-min-expand=100 --param ggc-min-heapsize=131072
ignoring duplicate directory "/usr/include/x86_64-linux-gnu/c++/10"
ignoring nonexistent directory "/usr/local/include/x86_64-linux-gnu"
ignoring nonexistent directory "/usr/lib/gcc/x86_64-linux-gnu/10/include-fixed"
ignoring nonexistent directory "/usr/lib/gcc/x86_64-linux-gnu/10/../../../../x86_64-linux-gnu/include"
ignoring nonexistent directory "/usr/local/cuda-11.8/targets/x86_64-linux/include"
#include "..." search starts here:
#include <...> search starts here:
 .
 /usr/include/c++/10
 /usr/include/x86_64-linux-gnu/c++/10
 /usr/include/c++/10/backward
 /usr/lib/gcc/x86_64-linux-gnu/10/include
 /usr/local/include
 /usr/include/x86_64-linux-gnu
 /usr/include
End of search list.
GNU C++14 (Ubuntu 10.5.0-1ubuntu1~20.04) version 10.5.0 (x86_64-linux-gnu)
	compiled by GNU C version 10.5.0, GMP version 6.2.0, MPFR version 4.0.2, MPC version 1.1.0, isl version isl-0.22.1-GMP

GGC heuristics: --param ggc-min-expand=100 --param ggc-min-heapsize=131072
Compiler executable checksum: 99fb41dde442999632e2a9da834ed487
COLLECT_GCC_OPTIONS='-v' '-std=c++14' '-o' 'CMakeFiles/cmTC_bf099.dir/CMakeCXXCompilerABI.cpp.o' '-c' '-shared-libgcc' '-mtune=generic' '-march=x86-64'
 as -v --64 -o CMakeFiles/cmTC_bf099.dir/CMakeCXXCompilerABI.cpp.o /tmp/ccI5yAVG.s
GNU assembler version 2.34 (x86_64-linux-gnu) using BFD version (GNU Binutils for Ubuntu) 2.34
COMPILER_PATH=/usr/lib/gcc/x86_64-linux-gnu/10/:/usr/lib/gcc/x86_64-linux-gnu/10/:/usr/lib/gcc/x86_64-linux-gnu/:/usr/lib/gcc/x86_64-linux-gnu/10/:/usr/lib/gcc/x86_64-linux-gnu/
LIBRARY_PATH=/usr/lib/gcc/x86_64-linux-gnu/10/:/usr/lib/gcc/x86_64-linux-gnu/10/../../../x86_64-linux-gnu/:/usr/lib/gcc/x86_64-linux-gnu/10/../../../../lib/:/lib/x86_64-linux-gnu/:/lib/../lib/:/usr/lib/x86_64-linux-gnu/:/usr/lib/../lib/:/usr/lib/gcc/x86_64-linux-gnu/10/../../../:/lib/:/usr/lib/
COLLECT_GCC_OPTIONS='-v' '-std=c++14' '-o' 'CMakeFiles/cmTC_bf099.dir/CMakeCXXCompilerABI.cpp.o' '-c' '-shared-libgcc' '-mtune=generic' '-march=x86-64'
Linking CXX executable cmTC_bf099
/usr/local/bin/cmake -E cmake_link_script CMakeFiles/cmTC_bf099.dir/link.txt --verbose=1
/usr/bin/c++  -v CMakeFiles/cmTC_bf099.dir/CMakeCXXCompilerABI.cpp.o -o cmTC_bf099 
Using built-in specs.
COLLECT_GCC=/usr/bin/c++
COLLECT_LTO_WRAPPER=/usr/lib/gcc/x86_64-linux-gnu/10/lto-wrapper
OFFLOAD_TARGET_NAMES=nvptx-none:amdgcn-amdhsa:hsa
OFFLOAD_TARGET_DEFAULT=1
Target: x86_64-linux-gnu
Configured with: ../src/configure -v --with-pkgversion='Ubuntu 10.5.0-1ubuntu1~20.04' --with-bugurl=file:///usr/share/doc/gcc-10/README.Bugs --enable-languages=c,ada,c++,go,brig,d,fortran,objc,obj-c++,m2 --prefix=/usr --with-gcc-major-version-only --program-suffix=-10 --program-prefix=x86_64-linux-gnu- --enable-shared --enable-linker-build-id --libexecdir=/usr/lib --without-included-gettext --enable-threads=posix --libdir=/usr/lib --enable-nls --enable-bootstrap --enable-clocale=gnu --enable-libstdcxx-debug --enable-libstdcxx-time=yes --with-default-libstdcxx-abi=new --enable-gnu-unique-object --disable-vtable-verify --enable-plugin --enable-default-pie --with-system-zlib --enable-libphobos-checking=release --with-target-system-zlib=auto --enable-objc-gc=auto --enable-multiarch --disable-werror --with-arch-32=i686 --with-abi=m64 --with-multilib-list=m32,m64,mx32 --enable-multilib --with-tune=generic --enable-offload-targets=nvptx-none=/build/gcc-10-g5VkgL/gcc-10-10.5.0/debian/tmp-nvptx/usr,amdgcn-amdhsa=/build/gcc-10-g5VkgL/gcc-10-10.5.0/debian/tmp-gcn/usr,hsa --without-cuda-driver --enable-checking=release --build=x86_64-linux-gnu --host=x86_64-linux-gnu --target=x86_64-linux-gnu --with-build-config=bootstrap-lto-lean --enable-link-mutex
Thread model: posix
Supported LTO compression algorithms: zlib zstd
gcc version 10.5.0 (Ubuntu 10.5.0-1ubuntu1~20.04) 
COMPILER_PATH=/usr/lib/gcc/x86_64-linux-gnu/10/:/usr/lib/gcc/x86_64-linux-gnu/10/:/usr/lib/gcc/x86_64-linux-gnu/:/usr/lib/gcc/x86_64-linux-gnu/10/:/usr/lib/gcc/x86_64-linux-gnu/
LIBRARY_PATH=/usr/lib/gcc/x86_64-linux-gnu/10/:/usr/lib/gcc/x86_64-linux-gnu/10/../../../x86_64-linux-gnu/:/usr/lib/gcc/x86_64-linux-gnu/10/../../../../lib/:/lib/x86_64-linux-gnu/:/lib/../lib/:/usr/lib/x86_64-linux-gnu/:/usr/lib/../lib/:/usr/lib/gcc/x86_64-linux-gnu/10/../../../:/lib/:/usr/lib/
COLLECT_GCC_OPTIONS='-v' '-o' 'cmTC_bf099' '-shared-libgcc' '-mtune=generic' '-march=x86-64'
 /usr/lib/gcc/x86_64-linux-gnu/10/collect2 -plugin /usr/lib/gcc/x86_64-linux-gnu/10/liblto_plugin.so -plugin-opt=/usr/lib/gcc/x86_64-linux-gnu/10/lto-wrapper -plugin-opt=-fresolution=/tmp/ccml78m8.res -plugin-opt=-pass-through=-lgcc_s -plugin-opt=-pass-through=-lgcc -plugin-opt=-pass-through=-lc -plugin-opt=-pass-through=-lgcc_s -plugin-opt=-pass-through=-lgcc --build-id --eh-frame-hdr -m elf_x86_64 --hash-style=gnu --as-needed -dynamic-linker /lib64/ld-linux-x86-64.so.2 -pie -z now -z relro -o cmTC_bf099 /usr/lib/gcc/x86_64-linux-gnu/10/../../../x86_64-linux-gnu/Scrt1.o /usr/lib/gcc/x86_64-linux-gnu/10/../../../x86_64-linux-gnu/crti.o /usr/lib/gcc/x86_64-linux-gnu/10/crtbeginS.o -L/usr/lib/gcc/x86_64-linux-gnu/10 -L/usr/lib/gcc/x86_64-linux-gnu/10/../../../x86_64-linux-gnu -L/usr/lib/gcc/x86_64-linux-gnu/10/../../../../lib -L/lib/x86_64-linux-gnu -L/lib/../lib -L/usr/lib/x86_64-linux-gnu -L/usr/lib/../lib -L/usr/lib/gcc/x86_64-linux-gnu/10/../../.. CMakeFiles/cmTC_bf099.dir/CMakeCXXCompilerABI.cpp.o -lstdc++ -lm -lgcc_s -lgcc -lc -lgcc_s -lgcc /usr/lib/gcc/x86_64-linux-gnu/10/crtendS.o /usr/lib/gcc/x86_64-linux-gnu/10/../../../x86_64-linux-gnu/crtn.o
COLLECT_GCC_OPTIONS='-v' '-o' 'cmTC_bf099' '-shared-libgcc' '-mtune=generic' '-march=x86-64'
make[1]: Leaving directory '/home/ioannis/Documents/UCL_project/code_development/GPU_code/github_GPU_Hemepure_HIP_CUDA_ROCM_SL/HemePure_GPU/src/build_VP_LBGK/CMakeFiles/CMakeTmp'



Parsed CXX implicit include dir info from above output: rv=done
  found start of include info
  found start of implicit include info
    add: [.]
    add: [/usr/include/c++/10]
    add: [/usr/include/x86_64-linux-gnu/c++/10]
    add: [/usr/include/c++/10/backward]
    add: [/usr/lib/gcc/x86_64-linux-gnu/10/include]
    add: [/usr/local/include]
    add: [/usr/include/x86_64-linux-gnu]
    add: [/usr/include]
  end of search list found
  skipping relative include dir [.]
  collapse include dir [/usr/include/c++/10] ==> [/usr/include/c++/10]
  collapse include dir [/usr/include/x86_64-linux-gnu/c++/10] ==> [/usr/include/x86_64-linux-gnu/c++/10]
  collapse include dir [/usr/include/c++/10/backward] ==> [/usr/include/c++/10/backward]
  collapse include dir [/usr/lib/gcc/x86_64-linux-gnu/10/include] ==> [/usr/lib/gcc/x86_64-linux-gnu/10/include]
  collapse include dir [/usr/local/include] ==> [/usr/local/include]
  collapse include dir [/usr/include/x86_64-linux-gnu] ==> [/usr/include/x86_64-linux-gnu]
  collapse include dir [/usr/include] ==> [/usr/include]
  implicit include dirs: [/usr/include/c++/10;/usr/include/x86_64-linux-gnu/c++/10;/usr/include/c++/10/backward;/usr/lib/gcc/x86_64-linux-gnu/10/include;/usr/local/include;/usr/include/x86_64-linux-gnu;/usr/include]


Parsed CXX implicit link information from above output:
  link line regex: [^( *|.*[/\])(ld|CMAKE_LINK_STARTFILE-NOTFOUND|([^/\]+-)?ld|collect2)[^/\]*( |$)]
  ignore line: [Change Dir: /home/ioannis/Documents/UCL_project/code_development/GPU_code/github_GPU_Hemepure_HIP_CUDA_ROCM_SL/HemePure_GPU/src/build_VP_LBGK/CMakeFiles/CMakeTmp]
  ignore line: []
  ignore line: [Run Build Command(s):/usr/bin/make -f Makefile cmTC_bf099/fast && /usr/bin/make  -f CMakeFiles/cmTC_bf099.dir/build.make CMakeFiles/cmTC_bf099.dir/build]
  ignore line: [make[1]: Entering directory '/home/ioannis/Documents/UCL_project/code_development/GPU_code/github_GPU_Hemepure_HIP_CUDA_ROCM_SL/HemePure_GPU/src/build_VP_LBGK/CMakeFiles/CMakeTmp']
  ignore line: [Building CXX object CMakeFiles/cmTC_bf099.dir/CMakeCXXCompilerABI.cpp.o]
  ignore line: [/usr/bin/c++   -v -std=c++14 -o CMakeFiles/cmTC_bf099.dir/CMakeCXXCompilerABI.cpp.o -c /usr/local/share/cmake-3.22/Modules/CMakeCXXCompilerABI.cpp]
  ignore line: [Using built-in specs.]
  ignore line: [COLLECT_GCC=/usr/bin/c++]
  ignore line: [OFFLOAD_TARGET_NAMES=nvptx-none:amdgcn-amdhsa:hsa]
  ignore line: [OFFLOAD_TARGET_DEFAULT=1]
  ignore line: [Target: x86_64-linux-gnu]
  ignore line: [Configured with: ../src/configure -v --with-pkgversion='Ubuntu 10.5.0-1ubuntu1~20.04' --with-bugurl=file:///usr/share/doc/gcc-10/README.Bugs --enable-languages=c ada c++ go brig d fortran objc obj-c++ m2 --prefix=/usr --with-gcc-major-version-only --program-suffix=-10 --program-prefix=x86_64-linux-gnu- --enable-shared --enable-linker-build-id --libexecdir=/usr/lib --without-included-gettext --enable-threads=posix --libdir=/usr/lib --enable-nls --enable-bootstrap --enable-clocale=gnu --enable-libstdcxx-debug --enable-libstdcxx-time=yes --with-default-libstdcxx-abi=new --enable-gnu-unique-object --disable-vtable-verify --enable-plugin --enable-default-pie --with-system-zlib --enable-libphobos-checking=release --with-target-system-zlib=auto --enable-objc-gc=auto --enable-multiarch --disable-werror --with-arch-32=i686 --with-abi=m64 --with-multilib-list=m32 m64 mx32 --enable-multilib --with-tune=generic --enable-offload-targets=nvptx-none=/build/gcc-10-g5VkgL/gcc-10-10.5.0/debian/tmp-nvptx/usr amdgcn-amdhsa=/build/gcc-10-g5VkgL/gcc-10-10.5.0/debian/tmp-gcn/usr hsa --without-cuda-driver --enable-checking=release --build=x86_64-linux-gnu --host=x86_64-linux-gnu --target=x86_64-linux-gnu --with-build-config=bootstrap-lto-lean --enable-link-mutex]
  ignore line: [Thread model: posix]
  ignore line: [Supported LTO compression algorithms: zlib zstd]
  ignore line: [gcc version 10.5.0 (Ubuntu 10.5.0-1ubuntu1~20.04) ]
  ignore line: [COLLECT_GCC_OPTIONS='-v' '-std=c++14' '-o' 'CMakeFiles/cmTC_bf099.dir/CMakeCXXCompilerABI.cpp.o' '-c' '-shared-libgcc' '-mtune=generic' '-march=x86-64']
  ignore line: [ /usr/lib/gcc/x86_64-linux-gnu/10/cc1plus -quiet -v -imultiarch x86_64-linux-gnu -D_GNU_SOURCE /usr/local/share/cmake-3.22/Modules/CMakeCXXCompilerABI.cpp -quiet -dumpbase CMakeCXXCompilerABI.cpp -mtune=generic -march=x86-64 -auxbase-strip CMakeFiles/cmTC_bf099.dir/CMakeCXXCompilerABI.cpp.o -std=c++14 -version -fasynchronous-unwind-tables -fstack-protector-strong -Wformat -Wformat-security -fstack-clash-protection -fcf-protection -o /tmp/ccI5yAVG.s]
  ignore line: [GNU C++14 (Ubuntu 10.5.0-1ubuntu1~20.04) version 10.5.0 (x86_64-linux-gnu)]
  ignore line: [	compiled by GNU C version 10.5.0  GMP version 6.2.0  MPFR version 4.0.2  MPC version 1.1.0  isl version isl-0.22.1-GMP]
  ignore line: []
  ignore line: [GGC heuristics: --param ggc-min-expand=100 --param ggc-min-heapsize=131072]
  ignore line: [ignoring duplicate directory "/usr/include/x86_64-linux-gnu/c++/10"]
  ignore line: [ignoring nonexistent directory "/usr/local/include/x86_64-linux-gnu"]
  ignore line: [ignoring nonexistent directory "/usr/lib/gcc/x86_64-linux-gnu/10/include-fixed"]
  ignore line: [ignoring nonexistent directory "/usr/lib/gcc/x86_64-linux-gnu/10/../../../../x86_64-linux-gnu/include"]
  ignore line: [ignoring nonexistent directory "/usr/local/cuda-11.8/targets/x86_64-linux/include"]
  ignore line: [#include "..." search starts here:]
  ignore line: [#include <...> search starts here:]
  ignore line: [ .]
  ignore line: [ /usr/include/c++/10]
  ignore line: [ /usr/include/x86_64-linux-gnu/c++/10]
  ignore line: [ /usr/include/c++/10/backward]
  ignore line: [ /usr/lib/gcc/x86_64-linux-gnu/10/include]
  ignore line: [ /usr/local/include]
  ignore line: [ /usr/include/x86_64-linux-gnu]
  ignore line: [ /usr/include]
  ignore line: [End of search list.]
  ignore line: [GNU C++14 (Ubuntu 10.5.0-1ubuntu1~20.04) version 10.5.0 (x86_64-linux-gnu)]
  ignore line: [	compiled by GNU C version 10.5.0  GMP version 6.2.0  MPFR version 4.0.2  MPC version 1.1.0  isl version isl-0.22.1-GMP]
  ignore line: []
  ignore line: [GGC heuristics: --param ggc-min-expand=100 --param ggc-min-heapsize=131072]
  ignore line: [Compiler executable checksum: 99fb41dde442999632e2a9da834ed487]
  ignore line: [COLLECT_GCC_OPTIONS='-v' '-std=c++14' '-o' 'CMakeFiles/cmTC_bf099.dir/CMakeCXXCompilerABI.cpp.o' '-c' '-shared-libgcc' '-mtune=generic' '-march=x86-64']
  ignore line: [ as -v --64 -o CMakeFiles/cmTC_bf099.dir/CMakeCXXCompilerABI.cpp.o /tmp/ccI5yAVG.s]
  ignore line: [GNU assembler version 2.34 (x86_64-linux-gnu) using BFD version (GNU Binutils for Ubuntu) 2.34]
  ignore line: [COMPILER_PATH=/usr/lib/gcc/x86_64-linux-gnu/10/:/usr/lib/gcc/x86_64-linux-gnu/10/:/usr/lib/gcc/x86_64-linux-gnu/:/usr/lib/gcc/x86_64-linux-gnu/10/:/usr/lib/gcc/x86_64-linux-gnu/]
  ignore line: [LIBRARY_PATH=/usr/lib/gcc/x86_64-linux-gnu/10/:/usr/lib/gcc/x86_64-linux-gnu/10/../../../x86_64-linux-gnu/:/usr/lib/gcc/x86_64-linux-gnu/10/../../../../lib/:/lib/x86_64-linux-gnu/:/lib/../lib/:/usr/lib/x86_64-linux-gnu/:/usr/lib/../lib/:/usr/lib/gcc/x86_64-linux-gnu/10/../../../:/lib/:/usr/lib/]
  ignore line: [COLLECT_GCC_OPTIONS='-v' '-std=c++14' '-o' 'CMakeFiles/cmTC_bf099.dir/CMakeCXXCompilerABI.cpp.o' '-c' '-shared-libgcc' '-mtune=generic' '-march=x86-64']
  ignore line: [Linking CXX executable cmTC_bf099]
  ignore line: [/usr/local/bin/cmake -E cmake_link_script CMakeFiles/cmTC_bf099.dir/link.txt --verbose=1]
  ignore line: [/usr/bin/c++  -v CMakeFiles/cmTC_bf099.dir/CMakeCXXCompilerABI.cpp.o -o cmTC_bf099 ]
  ignore line: [Using built-in specs.]
  ignore line: [COLLECT_GCC=/usr/bin/c++]
  ignore line: [COLLECT_LTO_WRAPPER=/usr/lib/gcc/x86_64-linux-gnu/10/lto-wrapper]
  ignore line: [OFFLOAD_TARGET_NAMES=nvptx-none:amdgcn-amdhsa:hsa]
  ignore line: [OFFLOAD_TARGET_DEFAULT=1]
  ignore line: [Target: x86_64-linux-gnu]
  ignore line: [Configured with: ../src/configure -v --with-pkgversion='Ubuntu 10.5.0-1ubuntu1~20.04' --with-bugurl=file:///usr/share/doc/gcc-10/README.Bugs --enable-languages=c ada c++ go brig d fortran objc obj-c++ m2 --prefix=/usr --with-gcc-major-version-only --program-suffix=-10 --program-prefix=x86_64-linux-gnu- --enable-shared --enable-linker-build-id --libexecdir=/usr/lib --without-included-gettext --enable-threads=posix --libdir=/usr/lib --enable-nls --enable-bootstrap --enable-clocale=gnu --enable-libstdcxx-debug --enable-libstdcxx-time=yes --with-default-libstdcxx-abi=new --enable-gnu-unique-object --disable-vtable-verify --enable-plugin --enable-default-pie --with-system-zlib --enable-libphobos-checking=release --with-target-system-zlib=auto --enable-objc-gc=auto --enable-multiarch --disable-werror --with-arch-32=i686 --with-abi=m64 --with-multilib-list=m32 m64 mx32 --enable-multilib --with-tune=generic --enable-offload-targets=nvptx-none=/build/gcc-10-g5VkgL/gcc-10-10.5.0/debian/tmp-nvptx/usr amdgcn-amdhsa=/build/gcc-10-g5VkgL/gcc-10-10.5.0/debian/tmp-gcn/usr hsa --without-cuda-driver --enable-checking=release --build=x86_64-linux-gnu --host=x86_64-linux-gnu --target=x86_64-linux-gnu --with-build-config=bootstrap-lto-lean --enable-link-mutex]
  ignore line: [Thread model: posix]
  ignore line: [Supported LTO compression algorithms: zlib zstd]
  ignore line: [gcc version 10.5.0 (Ubuntu 10.5.0-1ubuntu1~20.04) ]
  ignore line: [COMPILER_PATH=/usr/lib/gcc/x86_64-linux-gnu/10/:/usr/lib/gcc/x86_64-linux-gnu/10/:/usr/lib/gcc/x86_64-linux-gnu/:/usr/lib/gcc/x86_64-linux-gnu/10/:/usr/lib/gcc/x86_64-linux-gnu/]
  ignore line: [LIBRARY_PATH=/usr/lib/gcc/x86_64-linux-gnu/10/:/usr/lib/gcc/x86_64-linux-gnu/10/../../../x86_64-linux-gnu/:/usr/lib/gcc/x86_64-linux-gnu/10/../../../../lib/:/lib/x86_64-linux-gnu/:/lib/../lib/:/usr/lib/x86_64-linux-gnu/:/usr/lib/../lib/:/usr/lib/gcc/x86_64-linux-gnu/10/../../../:/lib/:/usr/lib/]
  ignore line: [COLLECT_GCC_OPTIONS='-v' '-o' 'cmTC_bf099' '-shared-libgcc' '-mtune=generic' '-march=x86-64']
  link line: [ /usr/lib/gcc/x86_64-linux-gnu/10/collect2 -plugin /usr/lib/gcc/x86_64-linux-gnu/10/liblto_plugin.so -plugin-opt=/usr/lib/gcc/x86_64-linux-gnu/10/lto-wrapper -plugin-opt=-fresolution=/tmp/ccml78m8.res -plugin-opt=-pass-through=-lgcc_s -plugin-opt=-pass-through=-lgcc -plugin-opt=-pass-through=-lc -plugin-opt=-pass-through=-lgcc_s -plugin-opt=-pass-through=-lgcc --build-id --eh-frame-hdr -m elf_x86_64 --hash-style=gnu --as-needed -dynamic-linker /lib64/ld-linux-x86-64.so.2 -pie -z now -z relro -o cmTC_bf099 /usr/lib/gcc/x86_64-linux-gnu/10/../../../x86_64-linux-gnu/Scrt1.o /usr/lib/gcc/x86_64-linux-gnu/10/../../../x86_64-linux-gnu/crti.o /usr/lib/gcc/x86_64-linux-gnu/10/crtbeginS.o -L/usr/lib/gcc/x86_64-linux-gnu/10 -L/usr/lib/gcc/x86_64-linux-gnu/10/../../../x86_64-linux-gnu -L/usr/lib/gcc/x86_64-linux-gnu/10/../../../../lib -L/lib/x86_64-linux-gnu -L/lib/../lib -L/usr/lib/x86_64-linux-gnu -L/usr/lib/../lib -L/usr/lib/gcc/x86_64-linux-gnu/10/../../.. CMakeFiles/cmTC_bf099.dir/CMakeCXXCompilerABI.cpp.o -lstdc++ -lm -lgcc_s -lgcc -lc -lgcc_s -lgcc /usr/lib/gcc/x86_64-linux-gnu/10/crtendS.o /usr/lib/gcc/x86_64-linux-gnu/10/../../../x86_64-linux-gnu/crtn.o]
    arg [/usr/lib/gcc/x86_64-linux-gnu/10/collect2] ==> ignore
    arg [-plugin] ==> ignore
    arg [/usr/lib/gcc/x86_64-linux-gnu/10/liblto_plugin.so] ==> ignore
    arg [-plugin-opt=/usr/lib/gcc/x86_64-linux-gnu/10/lto-wrapper] ==> ignore
    arg [-plugin-opt=-fresolution=/tmp/ccml78m8.res] ==> ignore
    arg [-plugin-opt=-pass-through=-lgcc_s] ==> ignore
    arg [-plugin-opt=-pass-through=-lgcc] ==> ignore
    arg [-plugin-opt=-pass-through=-lc] ==> ignore
    arg [-plugin-opt=-pass-through=-lgcc_s] ==> ignore
    arg [-plugin-opt=-pass-through=-lgcc] ==> ignore
    arg [--build-id] ==> ignore
    arg [--eh-frame-hdr] ==> ignore
    arg [-m] ==> ignore
    arg [elf_x86_64] ==> ignore
    arg [--hash-style=gnu] ==> ignore
    arg [--as-needed] ==> ignore
    arg [-dynamic-linker] ==> ignore
    arg [/lib64/ld-linux-x86-64.so.2] ==> ignore
    arg [-pie] ==> ignore
    arg [-znow] ==> ignore
    arg [-zrelro] ==> ignore
    arg [-o] ==> ignore
    arg [cmTC_bf099] ==> ignore
    arg [/usr/lib/gcc/x86_64-linux-gnu/10/../../../x86_64-linux-gnu/Scrt1.o] ==> obj [/usr/lib/gcc/x86_64-linux-gnu/10/../../../x86_64-linux-gnu/Scrt1.o]
    arg [/usr/lib/gcc/x86_64-linux-gnu/10/../../../x86_64-linux-gnu/crti.o] ==> obj [/usr/lib/gcc/x86_64-linux-gnu/10/../../../x86_64-linux-gnu/crti.o]
    arg [/usr/lib/gcc/x86_64-linux-gnu/10/crtbeginS.o] ==> obj [/usr/lib/gcc/x86_64-linux-gnu/10/crtbeginS.o]
    arg [-L/usr/lib/gcc/x86_64-linux-gnu/10] ==> dir [/usr/lib/gcc/x86_64-linux-gnu/10]
    arg [-L/usr/lib/gcc/x86_64-linux-gnu/10/../../../x86_64-linux-gnu] ==> dir [/usr/lib/gcc/x86_64-linux-gnu/10/../../../x86_64-linux-gnu]
    arg [-L/usr/lib/gcc/x86_64-linux-gnu/10/../../../../lib] ==> dir [/usr/lib/gcc/x86_64-linux-gnu/10/../../../../lib]
    arg [-L/lib/x86_64-linux-gnu] ==> dir [/lib/x86_64-linux-gnu]
    arg [-L/lib/../lib] ==> dir [/lib/../lib]
    arg [-L/usr/lib/x86_64-linux-gnu] ==> dir [/usr/lib/x86_64-linux-gnu]
    arg [-L/usr/lib/../lib] ==> dir [/usr/lib/../lib]
    arg [-L/usr/lib/gcc/x86_64-linux-gnu/10/../../..] ==> dir [/usr/lib/gcc/x86_64-linux-gnu/10/../../..]
    arg [CMakeFiles/cmTC_bf099.dir/CMakeCXXCompilerABI.cpp.o] ==> ignore
    arg [-lstdc++] ==> lib [stdc++]
    arg [-lm] ==> lib [m]
    arg [-lgcc_s] ==> lib [gcc_s]
    arg [-lgcc] ==> lib [gcc]
    arg [-lc] ==> lib [c]
    arg [-lgcc_s] ==> lib [gcc_s]
    arg [-lgcc] ==> lib [gcc]
    arg [/usr/lib/gcc/x86_64-linux-gnu/10/crtendS.o] ==> obj [/usr/lib/gcc/x86_64-linux-gnu/10/crtendS.o]
    arg [/usr/lib/gcc/x86_64-linux-gnu/10/../../../x86_64-linux-gnu/crtn.o] ==> obj [/usr/lib/gcc/x86_64-linux-gnu/10/../../../x86_64-linux-gnu/crtn.o]
  collapse obj [/usr/lib/gcc/x86_64-linux-gnu/10/../../../x86_64-linux-gnu/Scrt1.o] ==> [/usr/lib/x86_64-linux-gnu/Scrt1.o]
  collapse obj [/usr/lib/gcc/x86_64-linux-gnu/10/../../../x86_64-linux-gnu/crti.o] ==> [/usr/lib/x86_64-linux-gnu/crti.o]
  collapse obj [/usr/lib/gcc/x86_64-linux-gnu/10/../../../x86_64-linux-gnu/crtn.o] ==> [/usr/lib/x86_64-linux-gnu/crtn.o]
  collapse library dir [/usr/lib/gcc/x86_64-linux-gnu/10] ==> [/usr/lib/gcc/x86_64-linux-gnu/10]
  collapse library dir [/usr/lib/gcc/x86_64-linux-gnu/10/../../../x86_64-linux-gnu] ==> [/usr/lib/x86_64-linux-gnu]
  collapse library dir [/usr/lib/gcc/x86_64-linux-gnu/10/../../../../lib] ==> [/usr/lib]
  collapse library dir [/lib/x86_64-linux-gnu] ==> [/lib/x86_64-linux-gnu]
  collapse library dir [/lib/../lib] ==> [/lib]
  collapse library dir [/usr/lib/x86_64-linux-gnu] ==> [/usr/lib/x86_64-linux-gnu]
  collapse library dir [/usr/lib/../lib] ==> [/usr/lib]
  collapse library dir [/usr/lib/gcc/x86_64-linux-gnu/10/../../..] ==> [/usr/lib]
  implicit libs: [stdc++;m;gcc_s;gcc;c;gcc_s;gcc]
  implicit objs: [/usr/lib/x86_64-linux-gnu/Scrt1.o;/usr/lib/x86_64-linux-gnu/crti.o;/usr/lib/gcc/x86_64-linux-gnu/10/crtbeginS.o;/usr/lib/gcc/x86_64-linux-gnu/10/crtendS.o;/usr/lib/x86_64-linux-gnu/crtn.o]
  implicit dirs: [/usr/lib/gcc/x86_64-linux-gnu/10;/usr/lib/x86_64-linux-gnu;/usr/lib;/lib/x86_64-linux-gnu;/lib]
  implicit fwks: []


Detecting C OpenMP compiler ABI info compiled with the following output:
Change Dir: /home/ioannis/Documents/UCL_project/code_development/GPU_code/github_GPU_Hemepure_HIP_CUDA_ROCM_SL/HemePure_GPU/src/build_VP_LBGK/CMakeFiles/CMakeTmp

Run Build Command(s):/usr/bin/make -f Makefile cmTC_491fd/fast && /usr/bin/make  -f CMakeFiles/cmTC_491fd.dir/build.make CMakeFiles/cmTC_491fd.dir/build
make[1]: Entering directory '/home/ioannis/Documents/UCL_project/code_development/GPU_code/github_GPU_Hemepure_HIP_CUDA_ROCM_SL/HemePure_GPU/src/build_VP_LBGK/CMakeFiles/CMakeTmp'
Building C object CMakeFiles/cmTC_491fd.dir/OpenMPTryFlag.c.o
/usr/bin/cc   -fopenmp -v -o CMakeFiles/cmTC_491fd.dir/OpenMPTryFlag.c.o -c /home/ioannis/Documents/UCL_project/code_development/GPU_code/github_GPU_Hemepure_HIP_CUDA_ROCM_SL/HemePure_GPU/src/build_VP_LBGK/CMakeFiles/FindOpenMP/OpenMPTryFlag.c
Using built-in specs.
COLLECT_GCC=/usr/bin/cc
OFFLOAD_TARGET_NAMES=nvptx-none:amdgcn-amdhsa:hsa
OFFLOAD_TARGET_DEFAULT=1
Target: x86_64-linux-gnu
Configured with: ../src/configure -v --with-pkgversion='Ubuntu 10.5.0-1ubuntu1~20.04' --with-bugurl=file:///usr/share/doc/gcc-10/README.Bugs --enable-languages=c,ada,c++,go,brig,d,fortran,objc,obj-c++,m2 --prefix=/usr --with-gcc-major-version-only --program-suffix=-10 --program-prefix=x86_64-linux-gnu- --enable-shared --enable-linker-build-id --libexecdir=/usr/lib --without-included-gettext --enable-threads=posix --libdir=/usr/lib --enable-nls --enable-bootstrap --enable-clocale=gnu --enable-libstdcxx-debug --enable-libstdcxx-time=yes --with-default-libstdcxx-abi=new --enable-gnu-unique-object --disable-vtable-verify --enable-plugin --enable-default-pie --with-system-zlib --enable-libphobos-checking=release --with-target-system-zlib=auto --enable-objc-gc=auto --enable-multiarch --disable-werror --with-arch-32=i686 --with-abi=m64 --with-multilib-list=m32,m64,mx32 --enable-multilib --with-tune=generic --enable-offload-targets=nvptx-none=/build/gcc-10-g5VkgL/gcc-10-10.5.0/debian/tmp-nvptx/usr,amdgcn-amdhsa=/build/gcc-10-g5VkgL/gcc-10-10.5.0/debian/tmp-gcn/usr,hsa --without-cuda-driver --enable-checking=release --build=x86_64-linux-gnu --host=x86_64-linux-gnu --target=x86_64-linux-gnu --with-build-config=bootstrap-lto-lean --enable-link-mutex
Thread model: posix
Supported LTO compression algorithms: zlib zstd
gcc version 10.5.0 (Ubuntu 10.5.0-1ubuntu1~20.04) 
COLLECT_GCC_OPTIONS='-fopenmp' '-v' '-o' 'CMakeFiles/cmTC_491fd.dir/OpenMPTryFlag.c.o' '-c' '-mtune=generic' '-march=x86-64' '-pthread'
 /usr/lib/gcc/x86_64-linux-gnu/10/cc1 -quiet -v -imultiarch x86_64-linux-gnu -D_REENTRANT /home/ioannis/Documents/UCL_project/code_development/GPU_code/github_GPU_Hemepure_HIP_CUDA_ROCM_SL/HemePure_GPU/src/build_VP_LBGK/CMakeFiles/FindOpenMP/OpenMPTryFlag.c -quiet -dumpbase OpenMPTryFlag.c -mtune=generic -march=x86-64 -auxbase-strip CMakeFiles/cmTC_491fd.dir/OpenMPTryFlag.c.o -version -fopenmp -fasynchronous-unwind-tables -fstack-protector-strong -Wformat -Wformat-security -fstack-clash-protection -fcf-protection -o /tmp/ccyqOyEE.s
GNU C17 (Ubuntu 10.5.0-1ubuntu1~20.04) version 10.5.0 (x86_64-linux-gnu)
	compiled by GNU C version 10.5.0, GMP version 6.2.0, MPFR version 4.0.2, MPC version 1.1.0, isl version isl-0.22.1-GMP

GGC heuristics: --param ggc-min-expand=100 --param ggc-min-heapsize=131072
ignoring nonexistent directory "/usr/local/include/x86_64-linux-gnu"
ignoring nonexistent directory "/usr/lib/gcc/x86_64-linux-gnu/10/include-fixed"
ignoring nonexistent directory "/usr/lib/gcc/x86_64-linux-gnu/10/../../../../x86_64-linux-gnu/include"
ignoring nonexistent directory "/usr/local/cuda-11.8/targets/x86_64-linux/include"
#include "..." search starts here:
#include <...> search starts here:
 .
 /usr/lib/gcc/x86_64-linux-gnu/10/include
 /usr/local/include
 /usr/include/x86_64-linux-gnu
 /usr/include
End of search list.
GNU C17 (Ubuntu 10.5.0-1ubuntu1~20.04) version 10.5.0 (x86_64-linux-gnu)
	compiled by GNU C version 10.5.0, GMP version 6.2.0, MPFR version 4.0.2, MPC version 1.1.0, isl version isl-0.22.1-GMP

GGC heuristics: --param ggc-min-expand=100 --param ggc-min-heapsize=131072
Compiler executable checksum: 6dcfe8ebe7b280eb1645446fd19b9039
COLLECT_GCC_OPTIONS='-fopenmp' '-v' '-o' 'CMakeFiles/cmTC_491fd.dir/OpenMPTryFlag.c.o' '-c' '-mtune=generic' '-march=x86-64' '-pthread'
 as -v --64 -o CMakeFiles/cmTC_491fd.dir/OpenMPTryFlag.c.o /tmp/ccyqOyEE.s
GNU assembler version 2.34 (x86_64-linux-gnu) using BFD version (GNU Binutils for Ubuntu) 2.34
COMPILER_PATH=/usr/lib/gcc/x86_64-linux-gnu/10/:/usr/lib/gcc/x86_64-linux-gnu/10/:/usr/lib/gcc/x86_64-linux-gnu/:/usr/lib/gcc/x86_64-linux-gnu/10/:/usr/lib/gcc/x86_64-linux-gnu/
LIBRARY_PATH=/usr/lib/gcc/x86_64-linux-gnu/10/:/usr/lib/gcc/x86_64-linux-gnu/10/../../../x86_64-linux-gnu/:/usr/lib/gcc/x86_64-linux-gnu/10/../../../../lib/:/lib/x86_64-linux-gnu/:/lib/../lib/:/usr/lib/x86_64-linux-gnu/:/usr/lib/../lib/:/usr/lib/gcc/x86_64-linux-gnu/10/../../../:/lib/:/usr/lib/
COLLECT_GCC_OPTIONS='-fopenmp' '-v' '-o' 'CMakeFiles/cmTC_491fd.dir/OpenMPTryFlag.c.o' '-c' '-mtune=generic' '-march=x86-64' '-pthread'
Linking C executable cmTC_491fd
/usr/local/bin/cmake -E cmake_link_script CMakeFiles/cmTC_491fd.dir/link.txt --verbose=1
/usr/bin/cc  -fopenmp -v CMakeFiles/cmTC_491fd.dir/OpenMPTryFlag.c.o -o cmTC_491fd  -v 
Using built-in specs.
COLLECT_GCC=/usr/bin/cc
COLLECT_LTO_WRAPPER=/usr/lib/gcc/x86_64-linux-gnu/10/lto-wrapper
OFFLOAD_TARGET_NAMES=nvptx-none:amdgcn-amdhsa:hsa
OFFLOAD_TARGET_DEFAULT=1
Target: x86_64-linux-gnu
Configured with: ../src/configure -v --with-pkgversion='Ubuntu 10.5.0-1ubuntu1~20.04' --with-bugurl=file:///usr/share/doc/gcc-10/README.Bugs --enable-languages=c,ada,c++,go,brig,d,fortran,objc,obj-c++,m2 --prefix=/usr --with-gcc-major-version-only --program-suffix=-10 --program-prefix=x86_64-linux-gnu- --enable-shared --enable-linker-build-id --libexecdir=/usr/lib --without-included-gettext --enable-threads=posix --libdir=/usr/lib --enable-nls --enable-bootstrap --enable-clocale=gnu --enable-libstdcxx-debug --enable-libstdcxx-time=yes --with-default-libstdcxx-abi=new --enable-gnu-unique-object --disable-vtable-verify --enable-plugin --enable-default-pie --with-system-zlib --enable-libphobos-checking=release --with-target-system-zlib=auto --enable-objc-gc=auto --enable-multiarch --disable-werror --with-arch-32=i686 --with-abi=m64 --with-multilib-list=m32,m64,mx32 --enable-multilib --with-tune=generic --enable-offload-targets=nvptx-none=/build/gcc-10-g5VkgL/gcc-10-10.5.0/debian/tmp-nvptx/usr,amdgcn-amdhsa=/build/gcc-10-g5VkgL/gcc-10-10.5.0/debian/tmp-gcn/usr,hsa --without-cuda-driver --enable-checking=release --build=x86_64-linux-gnu --host=x86_64-linux-gnu --target=x86_64-linux-gnu --with-build-config=bootstrap-lto-lean --enable-link-mutex
Thread model: posix
Supported LTO compression algorithms: zlib zstd
gcc version 10.5.0 (Ubuntu 10.5.0-1ubuntu1~20.04) 
COMPILER_PATH=/usr/lib/gcc/x86_64-linux-gnu/10/:/usr/lib/gcc/x86_64-linux-gnu/10/:/usr/lib/gcc/x86_64-linux-gnu/:/usr/lib/gcc/x86_64-linux-gnu/10/:/usr/lib/gcc/x86_64-linux-gnu/
LIBRARY_PATH=/usr/lib/gcc/x86_64-linux-gnu/10/:/usr/lib/gcc/x86_64-linux-gnu/10/../../../x86_64-linux-gnu/:/usr/lib/gcc/x86_64-linux-gnu/10/../../../../lib/:/lib/x86_64-linux-gnu/:/lib/../lib/:/usr/lib/x86_64-linux-gnu/:/usr/lib/../lib/:/usr/lib/gcc/x86_64-linux-gnu/10/../../../:/lib/:/usr/lib/
Reading specs from /usr/lib/gcc/x86_64-linux-gnu/10/libgomp.spec
COLLECT_GCC_OPTIONS='-fopenmp' '-v' '-o' 'cmTC_491fd' '-v' '-mtune=generic' '-march=x86-64' '-pthread'
 /usr/lib/gcc/x86_64-linux-gnu/10/collect2 -plugin /usr/lib/gcc/x86_64-linux-gnu/10/liblto_plugin.so -plugin-opt=/usr/lib/gcc/x86_64-linux-gnu/10/lto-wrapper -plugin-opt=-fresolution=/tmp/cc1KC0D6.res -plugin-opt=-pass-through=-lgcc -plugin-opt=-pass-through=-lgcc_s -plugin-opt=-pass-through=-lpthread -plugin-opt=-pass-through=-lc -plugin-opt=-pass-through=-lgcc -plugin-opt=-pass-through=-lgcc_s --build-id --eh-frame-hdr -m elf_x86_64 --hash-style=gnu --as-needed -dynamic-linker /lib64/ld-linux-x86-64.so.2 -pie -z now -z relro -o cmTC_491fd /usr/lib/gcc/x86_64-linux-gnu/10/../../../x86_64-linux-gnu/Scrt1.o /usr/lib/gcc/x86_64-linux-gnu/10/../../../x86_64-linux-gnu/crti.o /usr/lib/gcc/x86_64-linux-gnu/10/crtbeginS.o /usr/lib/gcc/x86_64-linux-gnu/10/crtoffloadbegin.o -L/usr/lib/gcc/x86_64-linux-gnu/10 -L/usr/lib/gcc/x86_64-linux-gnu/10/../../../x86_64-linux-gnu -L/usr/lib/gcc/x86_64-linux-gnu/10/../../../../lib -L/lib/x86_64-linux-gnu -L/lib/../lib -L/usr/lib/x86_64-linux-gnu -L/usr/lib/../lib -L/usr/lib/gcc/x86_64-linux-gnu/10/../../.. CMakeFiles/cmTC_491fd.dir/OpenMPTryFlag.c.o -lgomp -lgcc --push-state --as-needed -lgcc_s --pop-state -lpthread -lc -lgcc --push-state --as-needed -lgcc_s --pop-state /usr/lib/gcc/x86_64-linux-gnu/10/crtendS.o /usr/lib/gcc/x86_64-linux-gnu/10/../../../x86_64-linux-gnu/crtn.o /usr/lib/gcc/x86_64-linux-gnu/10/crtoffloadend.o
COLLECT_GCC_OPTIONS='-fopenmp' '-v' '-o' 'cmTC_491fd' '-v' '-mtune=generic' '-march=x86-64' '-pthread'
make[1]: Leaving directory '/home/ioannis/Documents/UCL_project/code_development/GPU_code/github_GPU_Hemepure_HIP_CUDA_ROCM_SL/HemePure_GPU/src/build_VP_LBGK/CMakeFiles/CMakeTmp'



Parsed C OpenMP implicit link information from above output:
  link line regex: [^( *|.*[/\])(ld|CMAKE_LINK_STARTFILE-NOTFOUND|([^/\]+-)?ld|collect2)[^/\]*( |$)]
  ignore line: [Change Dir: /home/ioannis/Documents/UCL_project/code_development/GPU_code/github_GPU_Hemepure_HIP_CUDA_ROCM_SL/HemePure_GPU/src/build_VP_LBGK/CMakeFiles/CMakeTmp]
  ignore line: []
  ignore line: [Run Build Command(s):/usr/bin/make -f Makefile cmTC_491fd/fast && /usr/bin/make  -f CMakeFiles/cmTC_491fd.dir/build.make CMakeFiles/cmTC_491fd.dir/build]
  ignore line: [make[1]: Entering directory '/home/ioannis/Documents/UCL_project/code_development/GPU_code/github_GPU_Hemepure_HIP_CUDA_ROCM_SL/HemePure_GPU/src/build_VP_LBGK/CMakeFiles/CMakeTmp']
  ignore line: [Building C object CMakeFiles/cmTC_491fd.dir/OpenMPTryFlag.c.o]
  ignore line: [/usr/bin/cc   -fopenmp -v -o CMakeFiles/cmTC_491fd.dir/OpenMPTryFlag.c.o -c /home/ioannis/Documents/UCL_project/code_development/GPU_code/github_GPU_Hemepure_HIP_CUDA_ROCM_SL/HemePure_GPU/src/build_VP_LBGK/CMakeFiles/FindOpenMP/OpenMPTryFlag.c]
  ignore line: [Using built-in specs.]
  ignore line: [COLLECT_GCC=/usr/bin/cc]
  ignore line: [OFFLOAD_TARGET_NAMES=nvptx-none:amdgcn-amdhsa:hsa]
  ignore line: [OFFLOAD_TARGET_DEFAULT=1]
  ignore line: [Target: x86_64-linux-gnu]
  ignore line: [Configured with: ../src/configure -v --with-pkgversion='Ubuntu 10.5.0-1ubuntu1~20.04' --with-bugurl=file:///usr/share/doc/gcc-10/README.Bugs --enable-languages=c ada c++ go brig d fortran objc obj-c++ m2 --prefix=/usr --with-gcc-major-version-only --program-suffix=-10 --program-prefix=x86_64-linux-gnu- --enable-shared --enable-linker-build-id --libexecdir=/usr/lib --without-included-gettext --enable-threads=posix --libdir=/usr/lib --enable-nls --enable-bootstrap --enable-clocale=gnu --enable-libstdcxx-debug --enable-libstdcxx-time=yes --with-default-libstdcxx-abi=new --enable-gnu-unique-object --disable-vtable-verify --enable-plugin --enable-default-pie --with-system-zlib --enable-libphobos-checking=release --with-target-system-zlib=auto --enable-objc-gc=auto --enable-multiarch --disable-werror --with-arch-32=i686 --with-abi=m64 --with-multilib-list=m32 m64 mx32 --enable-multilib --with-tune=generic --enable-offload-targets=nvptx-none=/build/gcc-10-g5VkgL/gcc-10-10.5.0/debian/tmp-nvptx/usr amdgcn-amdhsa=/build/gcc-10-g5VkgL/gcc-10-10.5.0/debian/tmp-gcn/usr hsa --without-cuda-driver --enable-checking=release --build=x86_64-linux-gnu --host=x86_64-linux-gnu --target=x86_64-linux-gnu --with-build-config=bootstrap-lto-lean --enable-link-mutex]
  ignore line: [Thread model: posix]
  ignore line: [Supported LTO compression algorithms: zlib zstd]
  ignore line: [gcc version 10.5.0 (Ubuntu 10.5.0-1ubuntu1~20.04) ]
  ignore line: [COLLECT_GCC_OPTIONS='-fopenmp' '-v' '-o' 'CMakeFiles/cmTC_491fd.dir/OpenMPTryFlag.c.o' '-c' '-mtune=generic' '-march=x86-64' '-pthread']
  ignore line: [ /usr/lib/gcc/x86_64-linux-gnu/10/cc1 -quiet -v -imultiarch x86_64-linux-gnu -D_REENTRANT /home/ioannis/Documents/UCL_project/code_development/GPU_code/github_GPU_Hemepure_HIP_CUDA_ROCM_SL/HemePure_GPU/src/build_VP_LBGK/CMakeFiles/FindOpenMP/OpenMPTryFlag.c -quiet -dumpbase OpenMPTryFlag.c -mtune=generic -march=x86-64 -auxbase-strip CMakeFiles/cmTC_491fd.dir/OpenMPTryFlag.c.o -version -fopenmp -fasynchronous-unwind-tables -fstack-protector-strong -Wformat -Wformat-security -fstack-clash-protection -fcf-protection -o /tmp/ccyqOyEE.s]
  ignore line: [GNU C17 (Ubuntu 10.5.0-1ubuntu1~20.04) version 10.5.0 (x86_64-linux-gnu)]
  ignore line: [	compiled by GNU C version 10.5.0  GMP version 6.2.0  MPFR version 4.0.2  MPC version 1.1.0  isl version isl-0.22.1-GMP]
  ignore line: []
  ignore line: [GGC heuristics: --param ggc-min-expand=100 --param ggc-min-heapsize=131072]
  ignore line: [ignoring nonexistent directory "/usr/local/include/x86_64-linux-gnu"]
  ignore line: [ignoring nonexistent directory "/usr/lib/gcc/x86_64-linux-gnu/10/include-fixed"]
  ignore line: [ignoring nonexistent directory "/usr/lib/gcc/x86_64-linux-gnu/10/../../../../x86_64-linux-gnu/include"]
  ignore line: [ignoring nonexistent directory "/usr/local/cuda-11.8/targets/x86_64-linux/include"]
  ignore line: [#include "..." search starts here:]
  ignore line: [#include <...> search starts here:]
  ignore line: [ .]
  ignore line: [ /usr/lib/gcc/x86_64-linux-gnu/10/include]
  ignore line: [ /usr/local/include]
  ignore line: [ /usr/include/x86_64-linux-gnu]
  ignore line: [ /usr/include]
  ignore line: [End of search list.]
  ignore line: [GNU C17 (Ubuntu 10.5.0-1ubuntu1~20.04) version 10.5.0 (x86_64-linux-gnu)]
  ignore line: [	compiled by GNU C version 10.5.0  GMP version 6.2.0  MPFR version 4.0.2  MPC version 1.1.0  isl version isl-0.22.1-GMP]
  ignore line: []
  ignore line: [GGC heuristics: --param ggc-min-expand=100 --param ggc-min-heapsize=131072]
  ignore line: [Compiler executable checksum: 6dcfe8ebe7b280eb1645446fd19b9039]
  ignore line: [COLLECT_GCC_OPTIONS='-fopenmp' '-v' '-o' 'CMakeFiles/cmTC_491fd.dir/OpenMPTryFlag.c.o' '-c' '-mtune=generic' '-march=x86-64' '-pthread']
  ignore line: [ as -v --64 -o CMakeFiles/cmTC_491fd.dir/OpenMPTryFlag.c.o /tmp/ccyqOyEE.s]
  ignore line: [GNU assembler version 2.34 (x86_64-linux-gnu) using BFD version (GNU Binutils for Ubuntu) 2.34]
  ignore line: [COMPILER_PATH=/usr/lib/gcc/x86_64-linux-gnu/10/:/usr/lib/gcc/x86_64-linux-gnu/10/:/usr/lib/gcc/x86_64-linux-gnu/:/usr/lib/gcc/x86_64-linux-gnu/10/:/usr/lib/gcc/x86_64-linux-gnu/]
  ignore line: [LIBRARY_PATH=/usr/lib/gcc/x86_64-linux-gnu/10/:/usr/lib/gcc/x86_64-linux-gnu/10/../../../x86_64-linux-gnu/:/usr/lib/gcc/x86_64-linux-gnu/10/../../../../lib/:/lib/x86_64-linux-gnu/:/lib/../lib/:/usr/lib/x86_64-linux-gnu/:/usr/lib/../lib/:/usr/lib/gcc/x86_64-linux-gnu/10/../../../:/lib/:/usr/lib/]
  ignore line: [COLLECT_GCC_OPTIONS='-fopenmp' '-v' '-o' 'CMakeFiles/cmTC_491fd.dir/OpenMPTryFlag.c.o' '-c' '-mtune=generic' '-march=x86-64' '-pthread']
  ignore line: [Linking C executable cmTC_491fd]
  ignore line: [/usr/local/bin/cmake -E cmake_link_script CMakeFiles/cmTC_491fd.dir/link.txt --verbose=1]
  ignore line: [/usr/bin/cc  -fopenmp -v CMakeFiles/cmTC_491fd.dir/OpenMPTryFlag.c.o -o cmTC_491fd  -v ]
  ignore line: [Using built-in specs.]
  ignore line: [COLLECT_GCC=/usr/bin/cc]
  ignore line: [COLLECT_LTO_WRAPPER=/usr/lib/gcc/x86_64-linux-gnu/10/lto-wrapper]
  ignore line: [OFFLOAD_TARGET_NAMES=nvptx-none:amdgcn-amdhsa:hsa]
  ignore line: [OFFLOAD_TARGET_DEFAULT=1]
  ignore line: [Target: x86_64-linux-gnu]
  ignore line: [Configured with: ../src/configure -v --with-pkgversion='Ubuntu 10.5.0-1ubuntu1~20.04' --with-bugurl=file:///usr/share/doc/gcc-10/README.Bugs --enable-languages=c ada c++ go brig d fortran objc obj-c++ m2 --prefix=/usr --with-gcc-major-version-only --program-suffix=-10 --program-prefix=x86_64-linux-gnu- --enable-shared --enable-linker-build-id --libexecdir=/usr/lib --without-included-gettext --enable-threads=posix --libdir=/usr/lib --enable-nls --enable-bootstrap --enable-clocale=gnu --enable-libstdcxx-debug --enable-libstdcxx-time=yes --with-default-libstdcxx-abi=new --enable-gnu-unique-object --disable-vtable-verify --enable-plugin --enable-default-pie --with-system-zlib --enable-libphobos-checking=release --with-target-system-zlib=auto --enable-objc-gc=auto --enable-multiarch --disable-werror --with-arch-32=i686 --with-abi=m64 --with-multilib-list=m32 m64 mx32 --enable-multilib --with-tune=generic --enable-offload-targets=nvptx-none=/build/gcc-10-g5VkgL/gcc-10-10.5.0/debian/tmp-nvptx/usr amdgcn-amdhsa=/build/gcc-10-g5VkgL/gcc-10-10.5.0/debian/tmp-gcn/usr hsa --without-cuda-driver --enable-checking=release --build=x86_64-linux-gnu --host=x86_64-linux-gnu --target=x86_64-linux-gnu --with-build-config=bootstrap-lto-lean --enable-link-mutex]
  ignore line: [Thread model: posix]
  ignore line: [Supported LTO compression algorithms: zlib zstd]
  ignore line: [gcc version 10.5.0 (Ubuntu 10.5.0-1ubuntu1~20.04) ]
  ignore line: [COMPILER_PATH=/usr/lib/gcc/x86_64-linux-gnu/10/:/usr/lib/gcc/x86_64-linux-gnu/10/:/usr/lib/gcc/x86_64-linux-gnu/:/usr/lib/gcc/x86_64-linux-gnu/10/:/usr/lib/gcc/x86_64-linux-gnu/]
  ignore line: [LIBRARY_PATH=/usr/lib/gcc/x86_64-linux-gnu/10/:/usr/lib/gcc/x86_64-linux-gnu/10/../../../x86_64-linux-gnu/:/usr/lib/gcc/x86_64-linux-gnu/10/../../../../lib/:/lib/x86_64-linux-gnu/:/lib/../lib/:/usr/lib/x86_64-linux-gnu/:/usr/lib/../lib/:/usr/lib/gcc/x86_64-linux-gnu/10/../../../:/lib/:/usr/lib/]
  ignore line: [Reading specs from /usr/lib/gcc/x86_64-linux-gnu/10/libgomp.spec]
  ignore line: [COLLECT_GCC_OPTIONS='-fopenmp' '-v' '-o' 'cmTC_491fd' '-v' '-mtune=generic' '-march=x86-64' '-pthread']
  link line: [ /usr/lib/gcc/x86_64-linux-gnu/10/collect2 -plugin /usr/lib/gcc/x86_64-linux-gnu/10/liblto_plugin.so -plugin-opt=/usr/lib/gcc/x86_64-linux-gnu/10/lto-wrapper -plugin-opt=-fresolution=/tmp/cc1KC0D6.res -plugin-opt=-pass-through=-lgcc -plugin-opt=-pass-through=-lgcc_s -plugin-opt=-pass-through=-lpthread -plugin-opt=-pass-through=-lc -plugin-opt=-pass-through=-lgcc -plugin-opt=-pass-through=-lgcc_s --build-id --eh-frame-hdr -m elf_x86_64 --hash-style=gnu --as-needed -dynamic-linker /lib64/ld-linux-x86-64.so.2 -pie -z now -z relro -o cmTC_491fd /usr/lib/gcc/x86_64-linux-gnu/10/../../../x86_64-linux-gnu/Scrt1.o /usr/lib/gcc/x86_64-linux-gnu/10/../../../x86_64-linux-gnu/crti.o /usr/lib/gcc/x86_64-linux-gnu/10/crtbeginS.o /usr/lib/gcc/x86_64-linux-gnu/10/crtoffloadbegin.o -L/usr/lib/gcc/x86_64-linux-gnu/10 -L/usr/lib/gcc/x86_64-linux-gnu/10/../../../x86_64-linux-gnu -L/usr/lib/gcc/x86_64-linux-gnu/10/../../../../lib -L/lib/x86_64-linux-gnu -L/lib/../lib -L/usr/lib/x86_64-linux-gnu -L/usr/lib/../lib -L/usr/lib/gcc/x86_64-linux-gnu/10/../../.. CMakeFiles/cmTC_491fd.dir/OpenMPTryFlag.c.o -lgomp -lgcc --push-state --as-needed -lgcc_s --pop-state -lpthread -lc -lgcc --push-state --as-needed -lgcc_s --pop-state /usr/lib/gcc/x86_64-linux-gnu/10/crtendS.o /usr/lib/gcc/x86_64-linux-gnu/10/../../../x86_64-linux-gnu/crtn.o /usr/lib/gcc/x86_64-linux-gnu/10/crtoffloadend.o]
    arg [/usr/lib/gcc/x86_64-linux-gnu/10/collect2] ==> ignore
    arg [-plugin] ==> ignore
    arg [/usr/lib/gcc/x86_64-linux-gnu/10/liblto_plugin.so] ==> ignore
    arg [-plugin-opt=/usr/lib/gcc/x86_64-linux-gnu/10/lto-wrapper] ==> ignore
    arg [-plugin-opt=-fresolution=/tmp/cc1KC0D6.res] ==> ignore
    arg [-plugin-opt=-pass-through=-lgcc] ==> ignore
    arg [-plugin-opt=-pass-through=-lgcc_s] ==> ignore
    arg [-plugin-opt=-pass-through=-lpthread] ==> ignore
    arg [-plugin-opt=-pass-through=-lc] ==> ignore
    arg [-plugin-opt=-pass-through=-lgcc] ==> ignore
    arg [-plugin-opt=-pass-through=-lgcc_s] ==> ignore
    arg [--build-id] ==> ignore
    arg [--eh-frame-hdr] ==> ignore
    arg [-m] ==> ignore
    arg [elf_x86_64] ==> ignore
    arg [--hash-style=gnu] ==> ignore
    arg [--as-needed] ==> ignore
    arg [-dynamic-linker] ==> ignore
    arg [/lib64/ld-linux-x86-64.so.2] ==> ignore
    arg [-pie] ==> ignore
    arg [-znow] ==> ignore
    arg [-zrelro] ==> ignore
    arg [-o] ==> ignore
    arg [cmTC_491fd] ==> ignore
    arg [-L/usr/lib/gcc/x86_64-linux-gnu/10] ==> dir [/usr/lib/gcc/x86_64-linux-gnu/10]
    arg [-L/usr/lib/gcc/x86_64-linux-gnu/10/../../../x86_64-linux-gnu] ==> dir [/usr/lib/gcc/x86_64-linux-gnu/10/../../../x86_64-linux-gnu]
    arg [-L/usr/lib/gcc/x86_64-linux-gnu/10/../../../../lib] ==> dir [/usr/lib/gcc/x86_64-linux-gnu/10/../../../../lib]
    arg [-L/lib/x86_64-linux-gnu] ==> dir [/lib/x86_64-linux-gnu]
    arg [-L/lib/../lib] ==> dir [/lib/../lib]
    arg [-L/usr/lib/x86_64-linux-gnu] ==> dir [/usr/lib/x86_64-linux-gnu]
    arg [-L/usr/lib/../lib] ==> dir [/usr/lib/../lib]
    arg [-L/usr/lib/gcc/x86_64-linux-gnu/10/../../..] ==> dir [/usr/lib/gcc/x86_64-linux-gnu/10/../../..]
    arg [CMakeFiles/cmTC_491fd.dir/OpenMPTryFlag.c.o] ==> ignore
    arg [-lgomp] ==> lib [gomp]
    arg [-lgcc] ==> lib [gcc]
    arg [--push-state] ==> ignore
    arg [--as-needed] ==> ignore
    arg [-lgcc_s] ==> lib [gcc_s]
    arg [--pop-state] ==> ignore
    arg [-lpthread] ==> lib [pthread]
    arg [-lc] ==> lib [c]
    arg [-lgcc] ==> lib [gcc]
    arg [--push-state] ==> ignore
    arg [--as-needed] ==> ignore
    arg [-lgcc_s] ==> lib [gcc_s]
    arg [--pop-state] ==> ignore
  collapse library dir [/usr/lib/gcc/x86_64-linux-gnu/10] ==> [/usr/lib/gcc/x86_64-linux-gnu/10]
  collapse library dir [/usr/lib/gcc/x86_64-linux-gnu/10/../../../x86_64-linux-gnu] ==> [/usr/lib/x86_64-linux-gnu]
  collapse library dir [/usr/lib/gcc/x86_64-linux-gnu/10/../../../../lib] ==> [/usr/lib]
  collapse library dir [/lib/x86_64-linux-gnu] ==> [/lib/x86_64-linux-gnu]
  collapse library dir [/lib/../lib] ==> [/lib]
  collapse library dir [/usr/lib/x86_64-linux-gnu] ==> [/usr/lib/x86_64-linux-gnu]
  collapse library dir [/usr/lib/../lib] ==> [/usr/lib]
  collapse library dir [/usr/lib/gcc/x86_64-linux-gnu/10/../../..] ==> [/usr/lib]
  implicit libs: [gomp;gcc;gcc_s;pthread;c;gcc;gcc_s]
  implicit objs: []
  implicit dirs: [/usr/lib/gcc/x86_64-linux-gnu/10;/usr/lib/x86_64-linux-gnu;/usr/lib;/lib/x86_64-linux-gnu;/lib]
  implicit fwks: []


Detecting CXX OpenMP compiler ABI info compiled with the following output:
Change Dir: /home/ioannis/Documents/UCL_project/code_development/GPU_code/github_GPU_Hemepure_HIP_CUDA_ROCM_SL/HemePure_GPU/src/build_VP_LBGK/CMakeFiles/CMakeTmp

Run Build Command(s):/usr/bin/make -f Makefile cmTC_b3e9b/fast && /usr/bin/make  -f CMakeFiles/cmTC_b3e9b.dir/build.make CMakeFiles/cmTC_b3e9b.dir/build
make[1]: Entering directory '/home/ioannis/Documents/UCL_project/code_development/GPU_code/github_GPU_Hemepure_HIP_CUDA_ROCM_SL/HemePure_GPU/src/build_VP_LBGK/CMakeFiles/CMakeTmp'
Building CXX object CMakeFiles/cmTC_b3e9b.dir/OpenMPTryFlag.cpp.o
/usr/bin/c++   -fopenmp -v -std=c++17 -o CMakeFiles/cmTC_b3e9b.dir/OpenMPTryFlag.cpp.o -c /home/ioannis/Documents/UCL_project/code_development/GPU_code/github_GPU_Hemepure_HIP_CUDA_ROCM_SL/HemePure_GPU/src/build_VP_LBGK/CMakeFiles/FindOpenMP/OpenMPTryFlag.cpp
Using built-in specs.
COLLECT_GCC=/usr/bin/c++
OFFLOAD_TARGET_NAMES=nvptx-none:amdgcn-amdhsa:hsa
OFFLOAD_TARGET_DEFAULT=1
Target: x86_64-linux-gnu
Configured with: ../src/configure -v --with-pkgversion='Ubuntu 10.5.0-1ubuntu1~20.04' --with-bugurl=file:///usr/share/doc/gcc-10/README.Bugs --enable-languages=c,ada,c++,go,brig,d,fortran,objc,obj-c++,m2 --prefix=/usr --with-gcc-major-version-only --program-suffix=-10 --program-prefix=x86_64-linux-gnu- --enable-shared --enable-linker-build-id --libexecdir=/usr/lib --without-included-gettext --enable-threads=posix --libdir=/usr/lib --enable-nls --enable-bootstrap --enable-clocale=gnu --enable-libstdcxx-debug --enable-libstdcxx-time=yes --with-default-libstdcxx-abi=new --enable-gnu-unique-object --disable-vtable-verify --enable-plugin --enable-default-pie --with-system-zlib --enable-libphobos-checking=release --with-target-system-zlib=auto --enable-objc-gc=auto --enable-multiarch --disable-werror --with-arch-32=i686 --with-abi=m64 --with-multilib-list=m32,m64,mx32 --enable-multilib --with-tune=generic --enable-offload-targets=nvptx-none=/build/gcc-10-g5VkgL/gcc-10-10.5.0/debian/tmp-nvptx/usr,amdgcn-amdhsa=/build/gcc-10-g5VkgL/gcc-10-10.5.0/debian/tmp-gcn/usr,hsa --without-cuda-driver --enable-checking=release --build=x86_64-linux-gnu --host=x86_64-linux-gnu --target=x86_64-linux-gnu --with-build-config=bootstrap-lto-lean --enable-link-mutex
Thread model: posix
Supported LTO compression algorithms: zlib zstd
gcc version 10.5.0 (Ubuntu 10.5.0-1ubuntu1~20.04) 
COLLECT_GCC_OPTIONS='-fopenmp' '-v' '-std=c++17' '-o' 'CMakeFiles/cmTC_b3e9b.dir/OpenMPTryFlag.cpp.o' '-c' '-shared-libgcc' '-mtune=generic' '-march=x86-64' '-pthread'
 /usr/lib/gcc/x86_64-linux-gnu/10/cc1plus -quiet -v -imultiarch x86_64-linux-gnu -D_GNU_SOURCE -D_REENTRANT /home/ioannis/Documents/UCL_project/code_development/GPU_code/github_GPU_Hemepure_HIP_CUDA_ROCM_SL/HemePure_GPU/src/build_VP_LBGK/CMakeFiles/FindOpenMP/OpenMPTryFlag.cpp -quiet -dumpbase OpenMPTryFlag.cpp -mtune=generic -march=x86-64 -auxbase-strip CMakeFiles/cmTC_b3e9b.dir/OpenMPTryFlag.cpp.o -std=c++17 -version -fopenmp -fasynchronous-unwind-tables -fstack-protector-strong -Wformat -Wformat-security -fstack-clash-protection -fcf-protection -o /tmp/ccGYAdsF.s
GNU C++17 (Ubuntu 10.5.0-1ubuntu1~20.04) version 10.5.0 (x86_64-linux-gnu)
	compiled by GNU C version 10.5.0, GMP version 6.2.0, MPFR version 4.0.2, MPC version 1.1.0, isl version isl-0.22.1-GMP

GGC heuristics: --param ggc-min-expand=100 --param ggc-min-heapsize=131072
ignoring duplicate directory "/usr/include/x86_64-linux-gnu/c++/10"
ignoring nonexistent directory "/usr/local/include/x86_64-linux-gnu"
ignoring nonexistent directory "/usr/lib/gcc/x86_64-linux-gnu/10/include-fixed"
ignoring nonexistent directory "/usr/lib/gcc/x86_64-linux-gnu/10/../../../../x86_64-linux-gnu/include"
ignoring nonexistent directory "/usr/local/cuda-11.8/targets/x86_64-linux/include"
#include "..." search starts here:
#include <...> search starts here:
 .
 /usr/include/c++/10
 /usr/include/x86_64-linux-gnu/c++/10
 /usr/include/c++/10/backward
 /usr/lib/gcc/x86_64-linux-gnu/10/include
 /usr/local/include
 /usr/include/x86_64-linux-gnu
 /usr/include
End of search list.
GNU C++17 (Ubuntu 10.5.0-1ubuntu1~20.04) version 10.5.0 (x86_64-linux-gnu)
	compiled by GNU C version 10.5.0, GMP version 6.2.0, MPFR version 4.0.2, MPC version 1.1.0, isl version isl-0.22.1-GMP

GGC heuristics: --param ggc-min-expand=100 --param ggc-min-heapsize=131072
Compiler executable checksum: 99fb41dde442999632e2a9da834ed487
COLLECT_GCC_OPTIONS='-fopenmp' '-v' '-std=c++17' '-o' 'CMakeFiles/cmTC_b3e9b.dir/OpenMPTryFlag.cpp.o' '-c' '-shared-libgcc' '-mtune=generic' '-march=x86-64' '-pthread'
 as -v --64 -o CMakeFiles/cmTC_b3e9b.dir/OpenMPTryFlag.cpp.o /tmp/ccGYAdsF.s
GNU assembler version 2.34 (x86_64-linux-gnu) using BFD version (GNU Binutils for Ubuntu) 2.34
COMPILER_PATH=/usr/lib/gcc/x86_64-linux-gnu/10/:/usr/lib/gcc/x86_64-linux-gnu/10/:/usr/lib/gcc/x86_64-linux-gnu/:/usr/lib/gcc/x86_64-linux-gnu/10/:/usr/lib/gcc/x86_64-linux-gnu/
LIBRARY_PATH=/usr/lib/gcc/x86_64-linux-gnu/10/:/usr/lib/gcc/x86_64-linux-gnu/10/../../../x86_64-linux-gnu/:/usr/lib/gcc/x86_64-linux-gnu/10/../../../../lib/:/lib/x86_64-linux-gnu/:/lib/../lib/:/usr/lib/x86_64-linux-gnu/:/usr/lib/../lib/:/usr/lib/gcc/x86_64-linux-gnu/10/../../../:/lib/:/usr/lib/
COLLECT_GCC_OPTIONS='-fopenmp' '-v' '-std=c++17' '-o' 'CMakeFiles/cmTC_b3e9b.dir/OpenMPTryFlag.cpp.o' '-c' '-shared-libgcc' '-mtune=generic' '-march=x86-64' '-pthread'
Linking CXX executable cmTC_b3e9b
/usr/local/bin/cmake -E cmake_link_script CMakeFiles/cmTC_b3e9b.dir/link.txt --verbose=1
/usr/bin/c++  -fopenmp -v CMakeFiles/cmTC_b3e9b.dir/OpenMPTryFlag.cpp.o -o cmTC_b3e9b  -v 
Using built-in specs.
COLLECT_GCC=/usr/bin/c++
COLLECT_LTO_WRAPPER=/usr/lib/gcc/x86_64-linux-gnu/10/lto-wrapper
OFFLOAD_TARGET_NAMES=nvptx-none:amdgcn-amdhsa:hsa
OFFLOAD_TARGET_DEFAULT=1
Target: x86_64-linux-gnu
Configured with: ../src/configure -v --with-pkgversion='Ubuntu 10.5.0-1ubuntu1~20.04' --with-bugurl=file:///usr/share/doc/gcc-10/README.Bugs --enable-languages=c,ada,c++,go,brig,d,fortran,objc,obj-c++,m2 --prefix=/usr --with-gcc-major-version-only --program-suffix=-10 --program-prefix=x86_64-linux-gnu- --enable-shared --enable-linker-build-id --libexecdir=/usr/lib --without-included-gettext --enable-threads=posix --libdir=/usr/lib --enable-nls --enable-bootstrap --enable-clocale=gnu --enable-libstdcxx-debug --enable-libstdcxx-time=yes --with-default-libstdcxx-abi=new --enable-gnu-unique-object --disable-vtable-verify --enable-plugin --enable-default-pie --with-system-zlib --enable-libphobos-checking=release --with-target-system-zlib=auto --enable-objc-gc=auto --enable-multiarch --disable-werror --with-arch-32=i686 --with-abi=m64 --with-multilib-list=m32,m64,mx32 --enable-multilib --with-tune=generic --enable-offload-targets=nvptx-none=/build/gcc-10-g5VkgL/gcc-10-10.5.0/debian/tmp-nvptx/usr,amdgcn-amdhsa=/build/gcc-10-g5VkgL/gcc-10-10.5.0/debian/tmp-gcn/usr,hsa --without-cuda-driver --enable-checking=release --build=x86_64-linux-gnu --host=x86_64-linux-gnu --target=x86_64-linux-gnu --with-build-config=bootstrap-lto-lean --enable-link-mutex
Thread model: posix
Supported LTO compression algorithms: zlib zstd
gcc version 10.5.0 (Ubuntu 10.5.0-1ubuntu1~20.04) 
COMPILER_PATH=/usr/lib/gcc/x86_64-linux-gnu/10/:/usr/lib/gcc/x86_64-linux-gnu/10/:/usr/lib/gcc/x86_64-linux-gnu/:/usr/lib/gcc/x86_64-linux-gnu/10/:/usr/lib/gcc/x86_64-linux-gnu/
LIBRARY_PATH=/usr/lib/gcc/x86_64-linux-gnu/10/:/usr/lib/gcc/x86_64-linux-gnu/10/../../../x86_64-linux-gnu/:/usr/lib/gcc/x86_64-linux-gnu/10/../../../../lib/:/lib/x86_64-linux-gnu/:/lib/../lib/:/usr/lib/x86_64-linux-gnu/:/usr/lib/../lib/:/usr/lib/gcc/x86_64-linux-gnu/10/../../../:/lib/:/usr/lib/
Reading specs from /usr/lib/gcc/x86_64-linux-gnu/10/libgomp.spec
COLLECT_GCC_OPTIONS='-fopenmp' '-v' '-o' 'cmTC_b3e9b' '-v' '-shared-libgcc' '-mtune=generic' '-march=x86-64' '-pthread'
 /usr/lib/gcc/x86_64-linux-gnu/10/collect2 -plugin /usr/lib/gcc/x86_64-linux-gnu/10/liblto_plugin.so -plugin-opt=/usr/lib/gcc/x86_64-linux-gnu/10/lto-wrapper -plugin-opt=-fresolution=/tmp/cc4HnwR6.res -plugin-opt=-pass-through=-lgcc_s -plugin-opt=-pass-through=-lgcc -plugin-opt=-pass-through=-lpthread -plugin-opt=-pass-through=-lc -plugin-opt=-pass-through=-lgcc_s -plugin-opt=-pass-through=-lgcc --build-id --eh-frame-hdr -m elf_x86_64 --hash-style=gnu --as-needed -dynamic-linker /lib64/ld-linux-x86-64.so.2 -pie -z now -z relro -o cmTC_b3e9b /usr/lib/gcc/x86_64-linux-gnu/10/../../../x86_64-linux-gnu/Scrt1.o /usr/lib/gcc/x86_64-linux-gnu/10/../../../x86_64-linux-gnu/crti.o /usr/lib/gcc/x86_64-linux-gnu/10/crtbeginS.o /usr/lib/gcc/x86_64-linux-gnu/10/crtoffloadbegin.o -L/usr/lib/gcc/x86_64-linux-gnu/10 -L/usr/lib/gcc/x86_64-linux-gnu/10/../../../x86_64-linux-gnu -L/usr/lib/gcc/x86_64-linux-gnu/10/../../../../lib -L/lib/x86_64-linux-gnu -L/lib/../lib -L/usr/lib/x86_64-linux-gnu -L/usr/lib/../lib -L/usr/lib/gcc/x86_64-linux-gnu/10/../../.. CMakeFiles/cmTC_b3e9b.dir/OpenMPTryFlag.cpp.o -lstdc++ -lm -lgomp -lgcc_s -lgcc -lpthread -lc -lgcc_s -lgcc /usr/lib/gcc/x86_64-linux-gnu/10/crtendS.o /usr/lib/gcc/x86_64-linux-gnu/10/../../../x86_64-linux-gnu/crtn.o /usr/lib/gcc/x86_64-linux-gnu/10/crtoffloadend.o
COLLECT_GCC_OPTIONS='-fopenmp' '-v' '-o' 'cmTC_b3e9b' '-v' '-shared-libgcc' '-mtune=generic' '-march=x86-64' '-pthread'
make[1]: Leaving directory '/home/ioannis/Documents/UCL_project/code_development/GPU_code/github_GPU_Hemepure_HIP_CUDA_ROCM_SL/HemePure_GPU/src/build_VP_LBGK/CMakeFiles/CMakeTmp'



Parsed CXX OpenMP implicit link information from above output:
  link line regex: [^( *|.*[/\])(ld|CMAKE_LINK_STARTFILE-NOTFOUND|([^/\]+-)?ld|collect2)[^/\]*( |$)]
  ignore line: [Change Dir: /home/ioannis/Documents/UCL_project/code_development/GPU_code/github_GPU_Hemepure_HIP_CUDA_ROCM_SL/HemePure_GPU/src/build_VP_LBGK/CMakeFiles/CMakeTmp]
  ignore line: []
  ignore line: [Run Build Command(s):/usr/bin/make -f Makefile cmTC_b3e9b/fast && /usr/bin/make  -f CMakeFiles/cmTC_b3e9b.dir/build.make CMakeFiles/cmTC_b3e9b.dir/build]
  ignore line: [make[1]: Entering directory '/home/ioannis/Documents/UCL_project/code_development/GPU_code/github_GPU_Hemepure_HIP_CUDA_ROCM_SL/HemePure_GPU/src/build_VP_LBGK/CMakeFiles/CMakeTmp']
  ignore line: [Building CXX object CMakeFiles/cmTC_b3e9b.dir/OpenMPTryFlag.cpp.o]
  ignore line: [/usr/bin/c++   -fopenmp -v -std=c++17 -o CMakeFiles/cmTC_b3e9b.dir/OpenMPTryFlag.cpp.o -c /home/ioannis/Documents/UCL_project/code_development/GPU_code/github_GPU_Hemepure_HIP_CUDA_ROCM_SL/HemePure_GPU/src/build_VP_LBGK/CMakeFiles/FindOpenMP/OpenMPTryFlag.cpp]
  ignore line: [Using built-in specs.]
  ignore line: [COLLECT_GCC=/usr/bin/c++]
  ignore line: [OFFLOAD_TARGET_NAMES=nvptx-none:amdgcn-amdhsa:hsa]
  ignore line: [OFFLOAD_TARGET_DEFAULT=1]
  ignore line: [Target: x86_64-linux-gnu]
  ignore line: [Configured with: ../src/configure -v --with-pkgversion='Ubuntu 10.5.0-1ubuntu1~20.04' --with-bugurl=file:///usr/share/doc/gcc-10/README.Bugs --enable-languages=c ada c++ go brig d fortran objc obj-c++ m2 --prefix=/usr --with-gcc-major-version-only --program-suffix=-10 --program-prefix=x86_64-linux-gnu- --enable-shared --enable-linker-build-id --libexecdir=/usr/lib --without-included-gettext --enable-threads=posix --libdir=/usr/lib --enable-nls --enable-bootstrap --enable-clocale=gnu --enable-libstdcxx-debug --enable-libstdcxx-time=yes --with-default-libstdcxx-abi=new --enable-gnu-unique-object --disable-vtable-verify --enable-plugin --enable-default-pie --with-system-zlib --enable-libphobos-checking=release --with-target-system-zlib=auto --enable-objc-gc=auto --enable-multiarch --disable-werror --with-arch-32=i686 --with-abi=m64 --with-multilib-list=m32 m64 mx32 --enable-multilib --with-tune=generic --enable-offload-targets=nvptx-none=/build/gcc-10-g5VkgL/gcc-10-10.5.0/debian/tmp-nvptx/usr amdgcn-amdhsa=/build/gcc-10-g5VkgL/gcc-10-10.5.0/debian/tmp-gcn/usr hsa --without-cuda-driver --enable-checking=release --build=x86_64-linux-gnu --host=x86_64-linux-gnu --target=x86_64-linux-gnu --with-build-config=bootstrap-lto-lean --enable-link-mutex]
  ignore line: [Thread model: posix]
  ignore line: [Supported LTO compression algorithms: zlib zstd]
  ignore line: [gcc version 10.5.0 (Ubuntu 10.5.0-1ubuntu1~20.04) ]
  ignore line: [COLLECT_GCC_OPTIONS='-fopenmp' '-v' '-std=c++17' '-o' 'CMakeFiles/cmTC_b3e9b.dir/OpenMPTryFlag.cpp.o' '-c' '-shared-libgcc' '-mtune=generic' '-march=x86-64' '-pthread']
  ignore line: [ /usr/lib/gcc/x86_64-linux-gnu/10/cc1plus -quiet -v -imultiarch x86_64-linux-gnu -D_GNU_SOURCE -D_REENTRANT /home/ioannis/Documents/UCL_project/code_development/GPU_code/github_GPU_Hemepure_HIP_CUDA_ROCM_SL/HemePure_GPU/src/build_VP_LBGK/CMakeFiles/FindOpenMP/OpenMPTryFlag.cpp -quiet -dumpbase OpenMPTryFlag.cpp -mtune=generic -march=x86-64 -auxbase-strip CMakeFiles/cmTC_b3e9b.dir/OpenMPTryFlag.cpp.o -std=c++17 -version -fopenmp -fasynchronous-unwind-tables -fstack-protector-strong -Wformat -Wformat-security -fstack-clash-protection -fcf-protection -o /tmp/ccGYAdsF.s]
  ignore line: [GNU C++17 (Ubuntu 10.5.0-1ubuntu1~20.04) version 10.5.0 (x86_64-linux-gnu)]
  ignore line: [	compiled by GNU C version 10.5.0  GMP version 6.2.0  MPFR version 4.0.2  MPC version 1.1.0  isl version isl-0.22.1-GMP]
  ignore line: []
  ignore line: [GGC heuristics: --param ggc-min-expand=100 --param ggc-min-heapsize=131072]
  ignore line: [ignoring duplicate directory "/usr/include/x86_64-linux-gnu/c++/10"]
  ignore line: [ignoring nonexistent directory "/usr/local/include/x86_64-linux-gnu"]
  ignore line: [ignoring nonexistent directory "/usr/lib/gcc/x86_64-linux-gnu/10/include-fixed"]
  ignore line: [ignoring nonexistent directory "/usr/lib/gcc/x86_64-linux-gnu/10/../../../../x86_64-linux-gnu/include"]
  ignore line: [ignoring nonexistent directory "/usr/local/cuda-11.8/targets/x86_64-linux/include"]
  ignore line: [#include "..." search starts here:]
  ignore line: [#include <...> search starts here:]
  ignore line: [ .]
  ignore line: [ /usr/include/c++/10]
  ignore line: [ /usr/include/x86_64-linux-gnu/c++/10]
  ignore line: [ /usr/include/c++/10/backward]
  ignore line: [ /usr/lib/gcc/x86_64-linux-gnu/10/include]
  ignore line: [ /usr/local/include]
  ignore line: [ /usr/include/x86_64-linux-gnu]
  ignore line: [ /usr/include]
  ignore line: [End of search list.]
  ignore line: [GNU C++17 (Ubuntu 10.5.0-1ubuntu1~20.04) version 10.5.0 (x86_64-linux-gnu)]
  ignore line: [	compiled by GNU C version 10.5.0  GMP version 6.2.0  MPFR version 4.0.2  MPC version 1.1.0  isl version isl-0.22.1-GMP]
  ignore line: []
  ignore line: [GGC heuristics: --param ggc-min-expand=100 --param ggc-min-heapsize=131072]
  ignore line: [Compiler executable checksum: 99fb41dde442999632e2a9da834ed487]
  ignore line: [COLLECT_GCC_OPTIONS='-fopenmp' '-v' '-std=c++17' '-o' 'CMakeFiles/cmTC_b3e9b.dir/OpenMPTryFlag.cpp.o' '-c' '-shared-libgcc' '-mtune=generic' '-march=x86-64' '-pthread']
  ignore line: [ as -v --64 -o CMakeFiles/cmTC_b3e9b.dir/OpenMPTryFlag.cpp.o /tmp/ccGYAdsF.s]
  ignore line: [GNU assembler version 2.34 (x86_64-linux-gnu) using BFD version (GNU Binutils for Ubuntu) 2.34]
  ignore line: [COMPILER_PATH=/usr/lib/gcc/x86_64-linux-gnu/10/:/usr/lib/gcc/x86_64-linux-gnu/10/:/usr/lib/gcc/x86_64-linux-gnu/:/usr/lib/gcc/x86_64-linux-gnu/10/:/usr/lib/gcc/x86_64-linux-gnu/]
  ignore line: [LIBRARY_PATH=/usr/lib/gcc/x86_64-linux-gnu/10/:/usr/lib/gcc/x86_64-linux-gnu/10/../../../x86_64-linux-gnu/:/usr/lib/gcc/x86_64-linux-gnu/10/../../../../lib/:/lib/x86_64-linux-gnu/:/lib/../lib/:/usr/lib/x86_64-linux-gnu/:/usr/lib/../lib/:/usr/lib/gcc/x86_64-linux-gnu/10/../../../:/lib/:/usr/lib/]
  ignore line: [COLLECT_GCC_OPTIONS='-fopenmp' '-v' '-std=c++17' '-o' 'CMakeFiles/cmTC_b3e9b.dir/OpenMPTryFlag.cpp.o' '-c' '-shared-libgcc' '-mtune=generic' '-march=x86-64' '-pthread']
  ignore line: [Linking CXX executable cmTC_b3e9b]
  ignore line: [/usr/local/bin/cmake -E cmake_link_script CMakeFiles/cmTC_b3e9b.dir/link.txt --verbose=1]
  ignore line: [/usr/bin/c++  -fopenmp -v CMakeFiles/cmTC_b3e9b.dir/OpenMPTryFlag.cpp.o -o cmTC_b3e9b  -v ]
  ignore line: [Using built-in specs.]
  ignore line: [COLLECT_GCC=/usr/bin/c++]
  ignore line: [COLLECT_LTO_WRAPPER=/usr/lib/gcc/x86_64-linux-gnu/10/lto-wrapper]
  ignore line: [OFFLOAD_TARGET_NAMES=nvptx-none:amdgcn-amdhsa:hsa]
  ignore line: [OFFLOAD_TARGET_DEFAULT=1]
  ignore line: [Target: x86_64-linux-gnu]
  ignore line: [Configured with: ../src/configure -v --with-pkgversion='Ubuntu 10.5.0-1ubuntu1~20.04' --with-bugurl=file:///usr/share/doc/gcc-10/README.Bugs --enable-languages=c ada c++ go brig d fortran objc obj-c++ m2 --prefix=/usr --with-gcc-major-version-only --program-suffix=-10 --program-prefix=x86_64-linux-gnu- --enable-shared --enable-linker-build-id --libexecdir=/usr/lib --without-included-gettext --enable-threads=posix --libdir=/usr/lib --enable-nls --enable-bootstrap --enable-clocale=gnu --enable-libstdcxx-debug --enable-libstdcxx-time=yes --with-default-libstdcxx-abi=new --enable-gnu-unique-object --disable-vtable-verify --enable-plugin --enable-default-pie --with-system-zlib --enable-libphobos-checking=release --with-target-system-zlib=auto --enable-objc-gc=auto --enable-multiarch --disable-werror --with-arch-32=i686 --with-abi=m64 --with-multilib-list=m32 m64 mx32 --enable-multilib --with-tune=generic --enable-offload-targets=nvptx-none=/build/gcc-10-g5VkgL/gcc-10-10.5.0/debian/tmp-nvptx/usr amdgcn-amdhsa=/build/gcc-10-g5VkgL/gcc-10-10.5.0/debian/tmp-gcn/usr hsa --without-cuda-driver --enable-checking=release --build=x86_64-linux-gnu --host=x86_64-linux-gnu --target=x86_64-linux-gnu --with-build-config=bootstrap-lto-lean --enable-link-mutex]
  ignore line: [Thread model: posix]
  ignore line: [Supported LTO compression algorithms: zlib zstd]
  ignore line: [gcc version 10.5.0 (Ubuntu 10.5.0-1ubuntu1~20.04) ]
  ignore line: [COMPILER_PATH=/usr/lib/gcc/x86_64-linux-gnu/10/:/usr/lib/gcc/x86_64-linux-gnu/10/:/usr/lib/gcc/x86_64-linux-gnu/:/usr/lib/gcc/x86_64-linux-gnu/10/:/usr/lib/gcc/x86_64-linux-gnu/]
  ignore line: [LIBRARY_PATH=/usr/lib/gcc/x86_64-linux-gnu/10/:/usr/lib/gcc/x86_64-linux-gnu/10/../../../x86_64-linux-gnu/:/usr/lib/gcc/x86_64-linux-gnu/10/../../../../lib/:/lib/x86_64-linux-gnu/:/lib/../lib/:/usr/lib/x86_64-linux-gnu/:/usr/lib/../lib/:/usr/lib/gcc/x86_64-linux-gnu/10/../../../:/lib/:/usr/lib/]
  ignore line: [Reading specs from /usr/lib/gcc/x86_64-linux-gnu/10/libgomp.spec]
  ignore line: [COLLECT_GCC_OPTIONS='-fopenmp' '-v' '-o' 'cmTC_b3e9b' '-v' '-shared-libgcc' '-mtune=generic' '-march=x86-64' '-pthread']
  link line: [ /usr/lib/gcc/x86_64-linux-gnu/10/collect2 -plugin /usr/lib/gcc/x86_64-linux-gnu/10/liblto_plugin.so -plugin-opt=/usr/lib/gcc/x86_64-linux-gnu/10/lto-wrapper -plugin-opt=-fresolution=/tmp/cc4HnwR6.res -plugin-opt=-pass-through=-lgcc_s -plugin-opt=-pass-through=-lgcc -plugin-opt=-pass-through=-lpthread -plugin-opt=-pass-through=-lc -plugin-opt=-pass-through=-lgcc_s -plugin-opt=-pass-through=-lgcc --build-id --eh-frame-hdr -m elf_x86_64 --hash-style=gnu --as-needed -dynamic-linker /lib64/ld-linux-x86-64.so.2 -pie -z now -z relro -o cmTC_b3e9b /usr/lib/gcc/x86_64-linux-gnu/10/../../../x86_64-linux-gnu/Scrt1.o /usr/lib/gcc/x86_64-linux-gnu/10/../../../x86_64-linux-gnu/crti.o /usr/lib/gcc/x86_64-linux-gnu/10/crtbeginS.o /usr/lib/gcc/x86_64-linux-gnu/10/crtoffloadbegin.o -L/usr/lib/gcc/x86_64-linux-gnu/10 -L/usr/lib/gcc/x86_64-linux-gnu/10/../../../x86_64-linux-gnu -L/usr/lib/gcc/x86_64-linux-gnu/10/../../../../lib -L/lib/x86_64-linux-gnu -L/lib/../lib -L/usr/lib/x86_64-linux-gnu -L/usr/lib/../lib -L/usr/lib/gcc/x86_64-linux-gnu/10/../../.. CMakeFiles/cmTC_b3e9b.dir/OpenMPTryFlag.cpp.o -lstdc++ -lm -lgomp -lgcc_s -lgcc -lpthread -lc -lgcc_s -lgcc /usr/lib/gcc/x86_64-linux-gnu/10/crtendS.o /usr/lib/gcc/x86_64-linux-gnu/10/../../../x86_64-linux-gnu/crtn.o /usr/lib/gcc/x86_64-linux-gnu/10/crtoffloadend.o]
    arg [/usr/lib/gcc/x86_64-linux-gnu/10/collect2] ==> ignore
    arg [-plugin] ==> ignore
    arg [/usr/lib/gcc/x86_64-linux-gnu/10/liblto_plugin.so] ==> ignore
    arg [-plugin-opt=/usr/lib/gcc/x86_64-linux-gnu/10/lto-wrapper] ==> ignore
    arg [-plugin-opt=-fresolution=/tmp/cc4HnwR6.res] ==> ignore
    arg [-plugin-opt=-pass-through=-lgcc_s] ==> ignore
    arg [-plugin-opt=-pass-through=-lgcc] ==> ignore
    arg [-plugin-opt=-pass-through=-lpthread] ==> ignore
    arg [-plugin-opt=-pass-through=-lc] ==> ignore
    arg [-plugin-opt=-pass-through=-lgcc_s] ==> ignore
    arg [-plugin-opt=-pass-through=-lgcc] ==> ignore
    arg [--build-id] ==> ignore
    arg [--eh-frame-hdr] ==> ignore
    arg [-m] ==> ignore
    arg [elf_x86_64] ==> ignore
    arg [--hash-style=gnu] ==> ignore
    arg [--as-needed] ==> ignore
    arg [-dynamic-linker] ==> ignore
    arg [/lib64/ld-linux-x86-64.so.2] ==> ignore
    arg [-pie] ==> ignore
    arg [-znow] ==> ignore
    arg [-zrelro] ==> ignore
    arg [-o] ==> ignore
    arg [cmTC_b3e9b] ==> ignore
    arg [-L/usr/lib/gcc/x86_64-linux-gnu/10] ==> dir [/usr/lib/gcc/x86_64-linux-gnu/10]
    arg [-L/usr/lib/gcc/x86_64-linux-gnu/10/../../../x86_64-linux-gnu] ==> dir [/usr/lib/gcc/x86_64-linux-gnu/10/../../../x86_64-linux-gnu]
    arg [-L/usr/lib/gcc/x86_64-linux-gnu/10/../../../../lib] ==> dir [/usr/lib/gcc/x86_64-linux-gnu/10/../../../../lib]
    arg [-L/lib/x86_64-linux-gnu] ==> dir [/lib/x86_64-linux-gnu]
    arg [-L/lib/../lib] ==> dir [/lib/../lib]
    arg [-L/usr/lib/x86_64-linux-gnu] ==> dir [/usr/lib/x86_64-linux-gnu]
    arg [-L/usr/lib/../lib] ==> dir [/usr/lib/../lib]
    arg [-L/usr/lib/gcc/x86_64-linux-gnu/10/../../..] ==> dir [/usr/lib/gcc/x86_64-linux-gnu/10/../../..]
    arg [CMakeFiles/cmTC_b3e9b.dir/OpenMPTryFlag.cpp.o] ==> ignore
    arg [-lstdc++] ==> lib [stdc++]
    arg [-lm] ==> lib [m]
    arg [-lgomp] ==> lib [gomp]
    arg [-lgcc_s] ==> lib [gcc_s]
    arg [-lgcc] ==> lib [gcc]
    arg [-lpthread] ==> lib [pthread]
    arg [-lc] ==> lib [c]
    arg [-lgcc_s] ==> lib [gcc_s]
    arg [-lgcc] ==> lib [gcc]
  collapse library dir [/usr/lib/gcc/x86_64-linux-gnu/10] ==> [/usr/lib/gcc/x86_64-linux-gnu/10]
  collapse library dir [/usr/lib/gcc/x86_64-linux-gnu/10/../../../x86_64-linux-gnu] ==> [/usr/lib/x86_64-linux-gnu]
  collapse library dir [/usr/lib/gcc/x86_64-linux-gnu/10/../../../../lib] ==> [/usr/lib]
  collapse library dir [/lib/x86_64-linux-gnu] ==> [/lib/x86_64-linux-gnu]
  collapse library dir [/lib/../lib] ==> [/lib]
  collapse library dir [/usr/lib/x86_64-linux-gnu] ==> [/usr/lib/x86_64-linux-gnu]
  collapse library dir [/usr/lib/../lib] ==> [/usr/lib]
  collapse library dir [/usr/lib/gcc/x86_64-linux-gnu/10/../../..] ==> [/usr/lib]
  implicit libs: [stdc++;m;gomp;gcc_s;gcc;pthread;c;gcc_s;gcc]
  implicit objs: []
  implicit dirs: [/usr/lib/gcc/x86_64-linux-gnu/10;/usr/lib/x86_64-linux-gnu;/usr/lib;/lib/x86_64-linux-gnu;/lib]
  implicit fwks: []


Checking whether the CUDA compiler is NVIDIA using "" matched "nvcc: NVIDIA \(R\) Cuda compiler driver":
nvcc: NVIDIA (R) Cuda compiler driver
Copyright (c) 2005-2019 NVIDIA Corporation
Built on Sun_Jul_28_19:07:16_PDT_2019
Cuda compilation tools, release 10.1, V10.1.243
Compiling the CUDA compiler identification source file "CMakeCUDACompilerId.cu" succeeded.
Compiler: /usr/bin/nvcc 
Build flags: 
Id flags: --keep;--keep-dir;tmp -v

The output was:
0
#$ _SPACE_= 
#$ _CUDART_=cudart
#$ _HERE_=/usr/lib/nvidia-cuda-toolkit/bin
#$ _THERE_=/usr/lib/nvidia-cuda-toolkit/bin
#$ _TARGET_SIZE_=
#$ _TARGET_DIR_=
#$ _TARGET_SIZE_=64
#$ NVVMIR_LIBRARY_DIR=/usr/lib/nvidia-cuda-toolkit/libdevice
#$ PATH=/usr/lib/nvidia-cuda-toolkit/bin:/opt/openmpi-3.0.0/bin:/usr/local/cuda-11.8/bin:/home/ioannis/.local/bin:/home/ioannis/bin:/usr/local/sbin:/usr/local/bin:/usr/sbin:/usr/bin:/sbin:/bin:/usr/games:/usr/local/games:/snap/bin:/usr/local/cuda/bin
#$ LIBRARIES=  -L/usr/lib/x86_64-linux-gnu/stubs -L/usr/lib/x86_64-linux-gnu
#$ rm tmp/a_dlink.reg.c
#$ gcc -D__CUDA_ARCH__=300 -E -x c++  -DCUDA_DOUBLE_MATH_FUNCTIONS -D__CUDACC__ -D__NVCC__   -D__CUDACC_VER_MAJOR__=10 -D__CUDACC_VER_MINOR__=1 -D__CUDACC_VER_BUILD__=243 -include "cuda_runtime.h" -m64 "CMakeCUDACompilerId.cu" > "tmp/CMakeCUDACompilerId.cpp1.ii" 
#$ cicc --c++14 --gnu_version=100500 --allow_managed  -arch compute_30 -m64 -ftz=0 -prec_div=1 -prec_sqrt=1 -fmad=1 --include_file_name "CMakeCUDACompilerId.fatbin.c" -tused -nvvmir-library "/usr/lib/nvidia-cuda-toolkit/libdevice/libdevice.10.bc" --gen_module_id_file --module_id_file_name "tmp/CMakeCUDACompilerId.module_id" --orig_src_file_name "CMakeCUDACompilerId.cu" --gen_c_file_name "tmp/CMakeCUDACompilerId.cudafe1.c" --stub_file_name "tmp/CMakeCUDACompilerId.cudafe1.stub.c" --gen_device_file_name "tmp/CMakeCUDACompilerId.cudafe1.gpu"  "tmp/CMakeCUDACompilerId.cpp1.ii" -o "tmp/CMakeCUDACompilerId.ptx"
#$ ptxas -arch=sm_30 -m64 "tmp/CMakeCUDACompilerId.ptx"  -o "tmp/CMakeCUDACompilerId.sm_30.cubin" 
#$ fatbinary --create="tmp/CMakeCUDACompilerId.fatbin" -64 --cmdline="" "--image=profile=sm_30,file=tmp/CMakeCUDACompilerId.sm_30.cubin" "--image=profile=compute_30,file=tmp/CMakeCUDACompilerId.ptx" --embedded-fatbin="tmp/CMakeCUDACompilerId.fatbin.c" 
#$ gcc -E -x c++ -D__CUDACC__ -D__NVCC__   -D__CUDACC_VER_MAJOR__=10 -D__CUDACC_VER_MINOR__=1 -D__CUDACC_VER_BUILD__=243 -include "cuda_runtime.h" -m64 "CMakeCUDACompilerId.cu" > "tmp/CMakeCUDACompilerId.cpp4.ii" 
#$ cudafe++ --c++14 --gnu_version=100500 --allow_managed --m64 --parse_templates --gen_c_file_name "tmp/CMakeCUDACompilerId.cudafe1.cpp" --stub_file_name "CMakeCUDACompilerId.cudafe1.stub.c" --module_id_file_name "tmp/CMakeCUDACompilerId.module_id" "tmp/CMakeCUDACompilerId.cpp4.ii" 
#$ gcc -D__CUDA_ARCH__=300 -c -x c++  -DCUDA_DOUBLE_MATH_FUNCTIONS -m64 -o "tmp/CMakeCUDACompilerId.o" "tmp/CMakeCUDACompilerId.cudafe1.cpp" 
#$ nvlink --arch=sm_30 --register-link-binaries="tmp/a_dlink.reg.c"  -m64   -L/usr/lib/x86_64-linux-gnu/stubs -L/usr/lib/x86_64-linux-gnu -cpu-arch=X86_64 "tmp/CMakeCUDACompilerId.o"  -o "tmp/a_dlink.sm_30.cubin"
#$ fatbinary --create="tmp/a_dlink.fatbin" -64 --cmdline="" -link "--image=profile=sm_30,file=tmp/a_dlink.sm_30.cubin" --embedded-fatbin="tmp/a_dlink.fatbin.c" 
#$ gcc -c -x c++ -DFATBINFILE="\"tmp/a_dlink.fatbin.c\"" -DREGISTERLINKBINARYFILE="\"tmp/a_dlink.reg.c\"" -I. -D__NV_EXTRA_INITIALIZATION= -D__NV_EXTRA_FINALIZATION= -D__CUDA_INCLUDE_COMPILER_INTERNAL_HEADERS__   -D__CUDACC_VER_MAJOR__=10 -D__CUDACC_VER_MINOR__=1 -D__CUDACC_VER_BUILD__=243 -m64 -o "tmp/a_dlink.o" "/usr/lib/nvidia-cuda-toolkit/bin/crt/link.stub" 
#$ g++ -m64 -o "a.out" -Wl,--start-group "tmp/a_dlink.o" "tmp/CMakeCUDACompilerId.o"   -L/usr/lib/x86_64-linux-gnu/stubs -L/usr/lib/x86_64-linux-gnu -lcudadevrt  -lcudart_static  -lrt -lpthread  -ldl  -Wl,--end-group 


Compilation of the CUDA compiler identification source "CMakeCUDACompilerId.cu" produced "a.out"

The CUDA compiler identification is NVIDIA, found in "/home/ioannis/Documents/UCL_project/code_development/GPU_code/github_GPU_Hemepure_HIP_CUDA_ROCM_SL/HemePure_GPU/src/build_VP_LBGK/CMakeFiles/3.22.2/CompilerIdCUDA/a.out"

Parsed CUDA nvcc implicit link information from above output:
  found 'PATH=' string: [/usr/lib/nvidia-cuda-toolkit/bin:/opt/openmpi-3.0.0/bin:/usr/local/cuda-11.8/bin:/home/ioannis/.local/bin:/home/ioannis/bin:/usr/local/sbin:/usr/local/bin:/usr/sbin:/usr/bin:/sbin:/bin:/usr/games:/usr/local/games:/snap/bin:/usr/local/cuda/bin]
  found 'LIBRARIES=' string: [-L/usr/lib/x86_64-linux-gnu/stubs -L/usr/lib/x86_64-linux-gnu]
  considering line: [#$ rm tmp/a_dlink.reg.c]
  considering line: [gcc -D__CUDA_ARCH__=300 -E -x c++  -DCUDA_DOUBLE_MATH_FUNCTIONS -D__CUDACC__ -D__NVCC__   -D__CUDACC_VER_MAJOR__=10 -D__CUDACC_VER_MINOR__=1 -D__CUDACC_VER_BUILD__=243 -include "cuda_runtime.h" -m64 "CMakeCUDACompilerId.cu" > "tmp/CMakeCUDACompilerId.cpp1.ii" ]
  considering line: [cicc --c++14 --gnu_version=100500 --allow_managed  -arch compute_30 -m64 -ftz=0 -prec_div=1 -prec_sqrt=1 -fmad=1 --include_file_name "CMakeCUDACompilerId.fatbin.c" -tused -nvvmir-library "/usr/lib/nvidia-cuda-toolkit/libdevice/libdevice.10.bc" --gen_module_id_file --module_id_file_name "tmp/CMakeCUDACompilerId.module_id" --orig_src_file_name "CMakeCUDACompilerId.cu" --gen_c_file_name "tmp/CMakeCUDACompilerId.cudafe1.c" --stub_file_name "tmp/CMakeCUDACompilerId.cudafe1.stub.c" --gen_device_file_name "tmp/CMakeCUDACompilerId.cudafe1.gpu"  "tmp/CMakeCUDACompilerId.cpp1.ii" -o "tmp/CMakeCUDACompilerId.ptx"]
  considering line: [ptxas -arch=sm_30 -m64 "tmp/CMakeCUDACompilerId.ptx"  -o "tmp/CMakeCUDACompilerId.sm_30.cubin" ]
  considering line: [fatbinary --create="tmp/CMakeCUDACompilerId.fatbin" -64 --cmdline="" "--image=profile=sm_30,file=tmp/CMakeCUDACompilerId.sm_30.cubin" "--image=profile=compute_30,file=tmp/CMakeCUDACompilerId.ptx" --embedded-fatbin="tmp/CMakeCUDACompilerId.fatbin.c" ]
  considering line: [gcc -E -x c++ -D__CUDACC__ -D__NVCC__   -D__CUDACC_VER_MAJOR__=10 -D__CUDACC_VER_MINOR__=1 -D__CUDACC_VER_BUILD__=243 -include "cuda_runtime.h" -m64 "CMakeCUDACompilerId.cu" > "tmp/CMakeCUDACompilerId.cpp4.ii" ]
  considering line: [cudafe++ --c++14 --gnu_version=100500 --allow_managed --m64 --parse_templates --gen_c_file_name "tmp/CMakeCUDACompilerId.cudafe1.cpp" --stub_file_name "CMakeCUDACompilerId.cudafe1.stub.c" --module_id_file_name "tmp/CMakeCUDACompilerId.module_id" "tmp/CMakeCUDACompilerId.cpp4.ii" ]
  considering line: [gcc -D__CUDA_ARCH__=300 -c -x c++  -DCUDA_DOUBLE_MATH_FUNCTIONS -m64 -o "tmp/CMakeCUDACompilerId.o" "tmp/CMakeCUDACompilerId.cudafe1.cpp" ]
  considering line: [nvlink --arch=sm_30 --register-link-binaries="tmp/a_dlink.reg.c"  -m64   -L/usr/lib/x86_64-linux-gnu/stubs -L/usr/lib/x86_64-linux-gnu -cpu-arch=X86_64 "tmp/CMakeCUDACompilerId.o"  -o "tmp/a_dlink.sm_30.cubin"]
    ignoring nvlink line
  considering line: [fatbinary --create="tmp/a_dlink.fatbin" -64 --cmdline="" -link "--image=profile=sm_30,file=tmp/a_dlink.sm_30.cubin" --embedded-fatbin="tmp/a_dlink.fatbin.c" ]
  considering line: [gcc -c -x c++ -DFATBINFILE="\"tmp/a_dlink.fatbin.c\"" -DREGISTERLINKBINARYFILE="\"tmp/a_dlink.reg.c\"" -I. -D__NV_EXTRA_INITIALIZATION= -D__NV_EXTRA_FINALIZATION= -D__CUDA_INCLUDE_COMPILER_INTERNAL_HEADERS__   -D__CUDACC_VER_MAJOR__=10 -D__CUDACC_VER_MINOR__=1 -D__CUDACC_VER_BUILD__=243 -m64 -o "tmp/a_dlink.o" "/usr/lib/nvidia-cuda-toolkit/bin/crt/link.stub" ]
  considering line: [g++ -m64 -o "a.out" -Wl,--start-group "tmp/a_dlink.o" "tmp/CMakeCUDACompilerId.o"   -L/usr/lib/x86_64-linux-gnu/stubs -L/usr/lib/x86_64-linux-gnu -lcudadevrt  -lcudart_static  -lrt -lpthread  -ldl  -Wl,--end-group ]
    extracted link line: [g++ -m64 -o "a.out" -Wl,--start-group "tmp/a_dlink.o" "tmp/CMakeCUDACompilerId.o"   -L/usr/lib/x86_64-linux-gnu/stubs -L/usr/lib/x86_64-linux-gnu -lcudadevrt  -lcudart_static  -lrt -lpthread  -ldl  -Wl,--end-group ]
  considering line: []
  extracted link launcher name: [g++]
  found link launcher absolute path: [/usr/lib/nvidia-cuda-toolkit/bin/g++]

  link line regex: [^( *|.*[/\])(ld|CMAKE_LINK_STARTFILE-NOTFOUND|([^/\]+-)?ld|collect2)[^/\]*( |$)]
  link line: [cuda-fake-ld g++ -m64 -o "a.out" -Wl,--start-group "tmp/a_dlink.o" "tmp/CMakeCUDACompilerId.o"   -L/usr/lib/x86_64-linux-gnu/stubs -L/usr/lib/x86_64-linux-gnu -lcudadevrt  -lcudart_static  -lrt -lpthread  -ldl  -Wl,--end-group ]
    arg [cuda-fake-ld] ==> ignore
    arg [g++] ==> ignore
    arg [-m64] ==> ignore
    arg [-o] ==> ignore
    arg [a.out] ==> ignore
    arg [-Wl,--start-group] ==> ignore
    arg [tmp/a_dlink.o] ==> ignore
    arg [tmp/CMakeCUDACompilerId.o] ==> ignore
    arg [-L/usr/lib/x86_64-linux-gnu/stubs] ==> dir [/usr/lib/x86_64-linux-gnu/stubs]
    arg [-L/usr/lib/x86_64-linux-gnu] ==> dir [/usr/lib/x86_64-linux-gnu]
    arg [-lcudadevrt] ==> lib [cudadevrt]
    arg [-lcudart_static] ==> lib [cudart_static]
    arg [-lrt] ==> lib [rt]
    arg [-lpthread] ==> lib [pthread]
    arg [-ldl] ==> lib [dl]
    arg [-Wl,--end-group] ==> ignore
  collapse library dir [/usr/lib/x86_64-linux-gnu/stubs] ==> [/usr/lib/x86_64-linux-gnu/stubs]
  collapse library dir [/usr/lib/x86_64-linux-gnu] ==> [/usr/lib/x86_64-linux-gnu]
  implicit libs: [cudadevrt;cudart_static;rt;pthread;dl]
  implicit objs: []
  implicit dirs: [/usr/lib/x86_64-linux-gnu/stubs;/usr/lib/x86_64-linux-gnu]
  implicit fwks: []


Failed to detect CUDA nvcc include information:
  found 'PATH=' string: [/usr/lib/nvidia-cuda-toolkit/bin:/opt/openmpi-3.0.0/bin:/usr/local/cuda-11.8/bin:/home/ioannis/.local/bin:/home/ioannis/bin:/usr/local/sbin:/usr/local/bin:/usr/sbin:/usr/bin:/sbin:/bin:/usr/games:/usr/local/games:/snap/bin:/usr/local/cuda/bin]
  found 'LIBRARIES=' string: [-L/usr/lib/x86_64-linux-gnu/stubs -L/usr/lib/x86_64-linux-gnu]
  considering line: [#$ rm tmp/a_dlink.reg.c]
  considering line: [gcc -D__CUDA_ARCH__=300 -E -x c++  -DCUDA_DOUBLE_MATH_FUNCTIONS -D__CUDACC__ -D__NVCC__   -D__CUDACC_VER_MAJOR__=10 -D__CUDACC_VER_MINOR__=1 -D__CUDACC_VER_BUILD__=243 -include "cuda_runtime.h" -m64 "CMakeCUDACompilerId.cu" > "tmp/CMakeCUDACompilerId.cpp1.ii" ]
  considering line: [cicc --c++14 --gnu_version=100500 --allow_managed  -arch compute_30 -m64 -ftz=0 -prec_div=1 -prec_sqrt=1 -fmad=1 --include_file_name "CMakeCUDACompilerId.fatbin.c" -tused -nvvmir-library "/usr/lib/nvidia-cuda-toolkit/libdevice/libdevice.10.bc" --gen_module_id_file --module_id_file_name "tmp/CMakeCUDACompilerId.module_id" --orig_src_file_name "CMakeCUDACompilerId.cu" --gen_c_file_name "tmp/CMakeCUDACompilerId.cudafe1.c" --stub_file_name "tmp/CMakeCUDACompilerId.cudafe1.stub.c" --gen_device_file_name "tmp/CMakeCUDACompilerId.cudafe1.gpu"  "tmp/CMakeCUDACompilerId.cpp1.ii" -o "tmp/CMakeCUDACompilerId.ptx"]
  considering line: [ptxas -arch=sm_30 -m64 "tmp/CMakeCUDACompilerId.ptx"  -o "tmp/CMakeCUDACompilerId.sm_30.cubin" ]
  considering line: [fatbinary --create="tmp/CMakeCUDACompilerId.fatbin" -64 --cmdline="" "--image=profile=sm_30,file=tmp/CMakeCUDACompilerId.sm_30.cubin" "--image=profile=compute_30,file=tmp/CMakeCUDACompilerId.ptx" --embedded-fatbin="tmp/CMakeCUDACompilerId.fatbin.c" ]
  considering line: [gcc -E -x c++ -D__CUDACC__ -D__NVCC__   -D__CUDACC_VER_MAJOR__=10 -D__CUDACC_VER_MINOR__=1 -D__CUDACC_VER_BUILD__=243 -include "cuda_runtime.h" -m64 "CMakeCUDACompilerId.cu" > "tmp/CMakeCUDACompilerId.cpp4.ii" ]
  considering line: [cudafe++ --c++14 --gnu_version=100500 --allow_managed --m64 --parse_templates --gen_c_file_name "tmp/CMakeCUDACompilerId.cudafe1.cpp" --stub_file_name "CMakeCUDACompilerId.cudafe1.stub.c" --module_id_file_name "tmp/CMakeCUDACompilerId.module_id" "tmp/CMakeCUDACompilerId.cpp4.ii" ]
  considering line: [gcc -D__CUDA_ARCH__=300 -c -x c++  -DCUDA_DOUBLE_MATH_FUNCTIONS -m64 -o "tmp/CMakeCUDACompilerId.o" "tmp/CMakeCUDACompilerId.cudafe1.cpp" ]
  considering line: [nvlink --arch=sm_30 --register-link-binaries="tmp/a_dlink.reg.c"  -m64   -L/usr/lib/x86_64-linux-gnu/stubs -L/usr/lib/x86_64-linux-gnu -cpu-arch=X86_64 "tmp/CMakeCUDACompilerId.o"  -o "tmp/a_dlink.sm_30.cubin"]
    ignoring nvlink line
  considering line: [fatbinary --create="tmp/a_dlink.fatbin" -64 --cmdline="" -link "--image=profile=sm_30,file=tmp/a_dlink.sm_30.cubin" --embedded-fatbin="tmp/a_dlink.fatbin.c" ]
  considering line: [gcc -c -x c++ -DFATBINFILE="\"tmp/a_dlink.fatbin.c\"" -DREGISTERLINKBINARYFILE="\"tmp/a_dlink.reg.c\"" -I. -D__NV_EXTRA_INITIALIZATION= -D__NV_EXTRA_FINALIZATION= -D__CUDA_INCLUDE_COMPILER_INTERNAL_HEADERS__   -D__CUDACC_VER_MAJOR__=10 -D__CUDACC_VER_MINOR__=1 -D__CUDACC_VER_BUILD__=243 -m64 -o "tmp/a_dlink.o" "/usr/lib/nvidia-cuda-toolkit/bin/crt/link.stub" ]
  considering line: [g++ -m64 -o "a.out" -Wl,--start-group "tmp/a_dlink.o" "tmp/CMakeCUDACompilerId.o"   -L/usr/lib/x86_64-linux-gnu/stubs -L/usr/lib/x86_64-linux-gnu -lcudadevrt  -lcudart_static  -lrt -lpthread  -ldl  -Wl,--end-group ]
    extracted link line: [g++ -m64 -o "a.out" -Wl,--start-group "tmp/a_dlink.o" "tmp/CMakeCUDACompilerId.o"   -L/usr/lib/x86_64-linux-gnu/stubs -L/usr/lib/x86_64-linux-gnu -lcudadevrt  -lcudart_static  -lrt -lpthread  -ldl  -Wl,--end-group ]
  considering line: []
  extracted link launcher name: [g++]
  found link launcher absolute path: [/usr/lib/nvidia-cuda-toolkit/bin/g++]
  no 'INCLUDES=' string found in nvcc output:
    #$ _SPACE_= 
    #$ _CUDART_=cudart
    #$ _HERE_=/usr/lib/nvidia-cuda-toolkit/bin
    #$ _THERE_=/usr/lib/nvidia-cuda-toolkit/bin
    #$ _TARGET_SIZE_=
    #$ _TARGET_DIR_=
    #$ _TARGET_SIZE_=64
    #$ NVVMIR_LIBRARY_DIR=/usr/lib/nvidia-cuda-toolkit/libdevice
    #$ PATH=/usr/lib/nvidia-cuda-toolkit/bin:/opt/openmpi-3.0.0/bin:/usr/local/cuda-11.8/bin:/home/ioannis/.local/bin:/home/ioannis/bin:/usr/local/sbin:/usr/local/bin:/usr/sbin:/usr/bin:/sbin:/bin:/usr/games:/usr/local/games:/snap/bin:/usr/local/cuda/bin
    #$ LIBRARIES=  -L/usr/lib/x86_64-linux-gnu/stubs -L/usr/lib/x86_64-linux-gnu
    #$ rm tmp/a_dlink.reg.c
    #$ gcc -D__CUDA_ARCH__=300 -E -x c++  -DCUDA_DOUBLE_MATH_FUNCTIONS -D__CUDACC__ -D__NVCC__   -D__CUDACC_VER_MAJOR__=10 -D__CUDACC_VER_MINOR__=1 -D__CUDACC_VER_BUILD__=243 -include "cuda_runtime.h" -m64 "CMakeCUDACompilerId.cu" > "tmp/CMakeCUDACompilerId.cpp1.ii" 
    #$ cicc --c++14 --gnu_version=100500 --allow_managed  -arch compute_30 -m64 -ftz=0 -prec_div=1 -prec_sqrt=1 -fmad=1 --include_file_name "CMakeCUDACompilerId.fatbin.c" -tused -nvvmir-library "/usr/lib/nvidia-cuda-toolkit/libdevice/libdevice.10.bc" --gen_module_id_file --module_id_file_name "tmp/CMakeCUDACompilerId.module_id" --orig_src_file_name "CMakeCUDACompilerId.cu" --gen_c_file_name "tmp/CMakeCUDACompilerId.cudafe1.c" --stub_file_name "tmp/CMakeCUDACompilerId.cudafe1.stub.c" --gen_device_file_name "tmp/CMakeCUDACompilerId.cudafe1.gpu"  "tmp/CMakeCUDACompilerId.cpp1.ii" -o "tmp/CMakeCUDACompilerId.ptx"
    #$ ptxas -arch=sm_30 -m64 "tmp/CMakeCUDACompilerId.ptx"  -o "tmp/CMakeCUDACompilerId.sm_30.cubin" 
    #$ fatbinary --create="tmp/CMakeCUDACompilerId.fatbin" -64 --cmdline="" "--image=profile=sm_30,file=tmp/CMakeCUDACompilerId.sm_30.cubin" "--image=profile=compute_30,file=tmp/CMakeCUDACompilerId.ptx" --embedded-fatbin="tmp/CMakeCUDACompilerId.fatbin.c" 
    #$ gcc -E -x c++ -D__CUDACC__ -D__NVCC__   -D__CUDACC_VER_MAJOR__=10 -D__CUDACC_VER_MINOR__=1 -D__CUDACC_VER_BUILD__=243 -include "cuda_runtime.h" -m64 "CMakeCUDACompilerId.cu" > "tmp/CMakeCUDACompilerId.cpp4.ii" 
    #$ cudafe++ --c++14 --gnu_version=100500 --allow_managed --m64 --parse_templates --gen_c_file_name "tmp/CMakeCUDACompilerId.cudafe1.cpp" --stub_file_name "CMakeCUDACompilerId.cudafe1.stub.c" --module_id_file_name "tmp/CMakeCUDACompilerId.module_id" "tmp/CMakeCUDACompilerId.cpp4.ii" 
    #$ gcc -D__CUDA_ARCH__=300 -c -x c++  -DCUDA_DOUBLE_MATH_FUNCTIONS -m64 -o "tmp/CMakeCUDACompilerId.o" "tmp/CMakeCUDACompilerId.cudafe1.cpp" 
    #$ nvlink --arch=sm_30 --register-link-binaries="tmp/a_dlink.reg.c"  -m64   -L/usr/lib/x86_64-linux-gnu/stubs -L/usr/lib/x86_64-linux-gnu -cpu-arch=X86_64 "tmp/CMakeCUDACompilerId.o"  -o "tmp/a_dlink.sm_30.cubin"
    #$ fatbinary --create="tmp/a_dlink.fatbin" -64 --cmdline="" -link "--image=profile=sm_30,file=tmp/a_dlink.sm_30.cubin" --embedded-fatbin="tmp/a_dlink.fatbin.c" 
    #$ gcc -c -x c++ -DFATBINFILE="\"tmp/a_dlink.fatbin.c\"" -DREGISTERLINKBINARYFILE="\"tmp/a_dlink.reg.c\"" -I. -D__NV_EXTRA_INITIALIZATION= -D__NV_EXTRA_FINALIZATION= -D__CUDA_INCLUDE_COMPILER_INTERNAL_HEADERS__   -D__CUDACC_VER_MAJOR__=10 -D__CUDACC_VER_MINOR__=1 -D__CUDACC_VER_BUILD__=243 -m64 -o "tmp/a_dlink.o" "/usr/lib/nvidia-cuda-toolkit/bin/crt/link.stub" 
    #$ g++ -m64 -o "a.out" -Wl,--start-group "tmp/a_dlink.o" "tmp/CMakeCUDACompilerId.o"   -L/usr/lib/x86_64-linux-gnu/stubs -L/usr/lib/x86_64-linux-gnu -lcudadevrt  -lcudart_static  -lrt -lpthread  -ldl  -Wl,--end-group 
    


Detecting CUDA compiler ABI info compiled with the following output:
Change Dir: /home/ioannis/Documents/UCL_project/code_development/GPU_code/github_GPU_Hemepure_HIP_CUDA_ROCM_SL/HemePure_GPU/src/build_VP_LBGK/CMakeFiles/CMakeTmp

Run Build Command(s):/usr/bin/make -f Makefile cmTC_c3b00/fast && /usr/bin/make  -f CMakeFiles/cmTC_c3b00.dir/build.make CMakeFiles/cmTC_c3b00.dir/build
make[1]: Entering directory '/home/ioannis/Documents/UCL_project/code_development/GPU_code/github_GPU_Hemepure_HIP_CUDA_ROCM_SL/HemePure_GPU/src/build_VP_LBGK/CMakeFiles/CMakeTmp'
Building CUDA object CMakeFiles/cmTC_c3b00.dir/CMakeCUDACompilerABI.cu.o
/usr/bin/nvcc    -Xcompiler=-v -x cu -c /usr/local/share/cmake-3.22/Modules/CMakeCUDACompilerABI.cu -o CMakeFiles/cmTC_c3b00.dir/CMakeCUDACompilerABI.cu.o
Using built-in specs.
COLLECT_GCC=gcc-8
OFFLOAD_TARGET_NAMES=nvptx-none
OFFLOAD_TARGET_DEFAULT=1
Target: x86_64-linux-gnu
Configured with: ../src/configure -v --with-pkgversion='Ubuntu 8.4.0-3ubuntu2' --with-bugurl=file:///usr/share/doc/gcc-8/README.Bugs --enable-languages=c,ada,c++,go,brig,d,fortran,objc,obj-c++ --prefix=/usr --with-gcc-major-version-only --program-suffix=-8 --program-prefix=x86_64-linux-gnu- --enable-shared --enable-linker-build-id --libexecdir=/usr/lib --without-included-gettext --enable-threads=posix --libdir=/usr/lib --enable-nls --enable-bootstrap --enable-clocale=gnu --enable-libstdcxx-debug --enable-libstdcxx-time=yes --with-default-libstdcxx-abi=new --enable-gnu-unique-object --disable-vtable-verify --enable-libmpx --enable-plugin --enable-default-pie --with-system-zlib --with-target-system-zlib=auto --enable-objc-gc=auto --enable-multiarch --disable-werror --with-arch-32=i686 --with-abi=m64 --with-multilib-list=m32,m64,mx32 --enable-multilib --with-tune=generic --enable-offload-targets=nvptx-none --without-cuda-driver --enable-checking=release --build=x86_64-linux-gnu --host=x86_64-linux-gnu --target=x86_64-linux-gnu
Thread model: posix
gcc version 8.4.0 (Ubuntu 8.4.0-3ubuntu2) 
COLLECT_GCC_OPTIONS='-D' '__CUDA_ARCH__=300' '-E' '-D' 'CUDA_DOUBLE_MATH_FUNCTIONS' '-D' '__CUDACC__' '-D' '__NVCC__' '-v' '-D' '__CUDACC_VER_MAJOR__=10' '-D' '__CUDACC_VER_MINOR__=1' '-D' '__CUDACC_VER_BUILD__=243' '-include' 'cuda_runtime.h' '-m64' '-mtune=generic' '-march=x86-64'
 /usr/lib/gcc/x86_64-linux-gnu/8/cc1plus -E -quiet -v -imultiarch x86_64-linux-gnu -D_GNU_SOURCE -D __CUDA_ARCH__=300 -D CUDA_DOUBLE_MATH_FUNCTIONS -D __CUDACC__ -D __NVCC__ -D __CUDACC_VER_MAJOR__=10 -D __CUDACC_VER_MINOR__=1 -D __CUDACC_VER_BUILD__=243 -include cuda_runtime.h /usr/local/share/cmake-3.22/Modules/CMakeCUDACompilerABI.cu -m64 -mtune=generic -march=x86-64 -fasynchronous-unwind-tables -fstack-protector-strong -Wformat -Wformat-security -fstack-clash-protection -fcf-protection
ignoring duplicate directory "/usr/include/x86_64-linux-gnu/c++/8"
ignoring nonexistent directory "/usr/local/include/x86_64-linux-gnu"
ignoring nonexistent directory "/usr/lib/gcc/x86_64-linux-gnu/8/include-fixed"
ignoring nonexistent directory "/usr/lib/gcc/x86_64-linux-gnu/8/../../../../x86_64-linux-gnu/include"
ignoring nonexistent directory "/usr/local/cuda-11.8/targets/x86_64-linux/include"
#include "..." search starts here:
#include <...> search starts here:
 .
 /usr/include/c++/8
 /usr/include/x86_64-linux-gnu/c++/8
 /usr/include/c++/8/backward
 /usr/lib/gcc/x86_64-linux-gnu/8/include
 /usr/local/include
 /usr/include/x86_64-linux-gnu
 /usr/include
End of search list.
COMPILER_PATH=/usr/lib/gcc/x86_64-linux-gnu/8/:/usr/lib/gcc/x86_64-linux-gnu/8/:/usr/lib/gcc/x86_64-linux-gnu/:/usr/lib/gcc/x86_64-linux-gnu/8/:/usr/lib/gcc/x86_64-linux-gnu/
LIBRARY_PATH=/usr/lib/gcc/x86_64-linux-gnu/8/:/usr/lib/gcc/x86_64-linux-gnu/8/../../../x86_64-linux-gnu/:/usr/lib/gcc/x86_64-linux-gnu/8/../../../../lib/:/lib/x86_64-linux-gnu/:/lib/../lib/:/usr/lib/x86_64-linux-gnu/:/usr/lib/../lib/:/usr/lib/gcc/x86_64-linux-gnu/8/../../../:/lib/:/usr/lib/
COLLECT_GCC_OPTIONS='-D' '__CUDA_ARCH__=300' '-E' '-D' 'CUDA_DOUBLE_MATH_FUNCTIONS' '-D' '__CUDACC__' '-D' '__NVCC__' '-v' '-D' '__CUDACC_VER_MAJOR__=10' '-D' '__CUDACC_VER_MINOR__=1' '-D' '__CUDACC_VER_BUILD__=243' '-include' 'cuda_runtime.h' '-m64' '-mtune=generic' '-march=x86-64'
Using built-in specs.
COLLECT_GCC=gcc-8
OFFLOAD_TARGET_NAMES=nvptx-none
OFFLOAD_TARGET_DEFAULT=1
Target: x86_64-linux-gnu
Configured with: ../src/configure -v --with-pkgversion='Ubuntu 8.4.0-3ubuntu2' --with-bugurl=file:///usr/share/doc/gcc-8/README.Bugs --enable-languages=c,ada,c++,go,brig,d,fortran,objc,obj-c++ --prefix=/usr --with-gcc-major-version-only --program-suffix=-8 --program-prefix=x86_64-linux-gnu- --enable-shared --enable-linker-build-id --libexecdir=/usr/lib --without-included-gettext --enable-threads=posix --libdir=/usr/lib --enable-nls --enable-bootstrap --enable-clocale=gnu --enable-libstdcxx-debug --enable-libstdcxx-time=yes --with-default-libstdcxx-abi=new --enable-gnu-unique-object --disable-vtable-verify --enable-libmpx --enable-plugin --enable-default-pie --with-system-zlib --with-target-system-zlib=auto --enable-objc-gc=auto --enable-multiarch --disable-werror --with-arch-32=i686 --with-abi=m64 --with-multilib-list=m32,m64,mx32 --enable-multilib --with-tune=generic --enable-offload-targets=nvptx-none --without-cuda-driver --enable-checking=release --build=x86_64-linux-gnu --host=x86_64-linux-gnu --target=x86_64-linux-gnu
Thread model: posix
gcc version 8.4.0 (Ubuntu 8.4.0-3ubuntu2) 
COLLECT_GCC_OPTIONS='-E' '-D' '__CUDACC__' '-D' '__NVCC__' '-v' '-D' '__CUDACC_VER_MAJOR__=10' '-D' '__CUDACC_VER_MINOR__=1' '-D' '__CUDACC_VER_BUILD__=243' '-include' 'cuda_runtime.h' '-m64' '-mtune=generic' '-march=x86-64'
 /usr/lib/gcc/x86_64-linux-gnu/8/cc1plus -E -quiet -v -imultiarch x86_64-linux-gnu -D_GNU_SOURCE -D __CUDACC__ -D __NVCC__ -D __CUDACC_VER_MAJOR__=10 -D __CUDACC_VER_MINOR__=1 -D __CUDACC_VER_BUILD__=243 -include cuda_runtime.h /usr/local/share/cmake-3.22/Modules/CMakeCUDACompilerABI.cu -m64 -mtune=generic -march=x86-64 -fasynchronous-unwind-tables -fstack-protector-strong -Wformat -Wformat-security -fstack-clash-protection -fcf-protection
ignoring duplicate directory "/usr/include/x86_64-linux-gnu/c++/8"
ignoring nonexistent directory "/usr/local/include/x86_64-linux-gnu"
ignoring nonexistent directory "/usr/lib/gcc/x86_64-linux-gnu/8/include-fixed"
ignoring nonexistent directory "/usr/lib/gcc/x86_64-linux-gnu/8/../../../../x86_64-linux-gnu/include"
ignoring nonexistent directory "/usr/local/cuda-11.8/targets/x86_64-linux/include"
#include "..." search starts here:
#include <...> search starts here:
 .
 /usr/include/c++/8
 /usr/include/x86_64-linux-gnu/c++/8
 /usr/include/c++/8/backward
 /usr/lib/gcc/x86_64-linux-gnu/8/include
 /usr/local/include
 /usr/include/x86_64-linux-gnu
 /usr/include
End of search list.
COMPILER_PATH=/usr/lib/gcc/x86_64-linux-gnu/8/:/usr/lib/gcc/x86_64-linux-gnu/8/:/usr/lib/gcc/x86_64-linux-gnu/:/usr/lib/gcc/x86_64-linux-gnu/8/:/usr/lib/gcc/x86_64-linux-gnu/
LIBRARY_PATH=/usr/lib/gcc/x86_64-linux-gnu/8/:/usr/lib/gcc/x86_64-linux-gnu/8/../../../x86_64-linux-gnu/:/usr/lib/gcc/x86_64-linux-gnu/8/../../../../lib/:/lib/x86_64-linux-gnu/:/lib/../lib/:/usr/lib/x86_64-linux-gnu/:/usr/lib/../lib/:/usr/lib/gcc/x86_64-linux-gnu/8/../../../:/lib/:/usr/lib/
COLLECT_GCC_OPTIONS='-E' '-D' '__CUDACC__' '-D' '__NVCC__' '-v' '-D' '__CUDACC_VER_MAJOR__=10' '-D' '__CUDACC_VER_MINOR__=1' '-D' '__CUDACC_VER_BUILD__=243' '-include' 'cuda_runtime.h' '-m64' '-mtune=generic' '-march=x86-64'
Using built-in specs.
COLLECT_GCC=gcc-8
OFFLOAD_TARGET_NAMES=nvptx-none
OFFLOAD_TARGET_DEFAULT=1
Target: x86_64-linux-gnu
Configured with: ../src/configure -v --with-pkgversion='Ubuntu 8.4.0-3ubuntu2' --with-bugurl=file:///usr/share/doc/gcc-8/README.Bugs --enable-languages=c,ada,c++,go,brig,d,fortran,objc,obj-c++ --prefix=/usr --with-gcc-major-version-only --program-suffix=-8 --program-prefix=x86_64-linux-gnu- --enable-shared --enable-linker-build-id --libexecdir=/usr/lib --without-included-gettext --enable-threads=posix --libdir=/usr/lib --enable-nls --enable-bootstrap --enable-clocale=gnu --enable-libstdcxx-debug --enable-libstdcxx-time=yes --with-default-libstdcxx-abi=new --enable-gnu-unique-object --disable-vtable-verify --enable-libmpx --enable-plugin --enable-default-pie --with-system-zlib --with-target-system-zlib=auto --enable-objc-gc=auto --enable-multiarch --disable-werror --with-arch-32=i686 --with-abi=m64 --with-multilib-list=m32,m64,mx32 --enable-multilib --with-tune=generic --enable-offload-targets=nvptx-none --without-cuda-driver --enable-checking=release --build=x86_64-linux-gnu --host=x86_64-linux-gnu --target=x86_64-linux-gnu
Thread model: posix
gcc version 8.4.0 (Ubuntu 8.4.0-3ubuntu2) 
COLLECT_GCC_OPTIONS='-D' '__CUDA_ARCH__=300' '-c' '-D' 'CUDA_DOUBLE_MATH_FUNCTIONS' '-v' '-m64' '-o' 'CMakeFiles/cmTC_c3b00.dir/CMakeCUDACompilerABI.cu.o' '-mtune=generic' '-march=x86-64'
 /usr/lib/gcc/x86_64-linux-gnu/8/cc1plus -quiet -v -imultiarch x86_64-linux-gnu -D_GNU_SOURCE -D __CUDA_ARCH__=300 -D CUDA_DOUBLE_MATH_FUNCTIONS /tmp/tmpxft_000073b6_00000000-5_CMakeCUDACompilerABI.cudafe1.cpp -quiet -dumpbase tmpxft_000073b6_00000000-5_CMakeCUDACompilerABI.cudafe1.cpp -m64 -mtune=generic -march=x86-64 -auxbase-strip CMakeFiles/cmTC_c3b00.dir/CMakeCUDACompilerABI.cu.o -version -fasynchronous-unwind-tables -fstack-protector-strong -Wformat -Wformat-security -fstack-clash-protection -fcf-protection -o /tmp/cc2RKVQI.s
GNU C++14 (Ubuntu 8.4.0-3ubuntu2) version 8.4.0 (x86_64-linux-gnu)
	compiled by GNU C version 8.4.0, GMP version 6.2.0, MPFR version 4.0.2, MPC version 1.1.0, isl version isl-0.22.1-GMP

GGC heuristics: --param ggc-min-expand=100 --param ggc-min-heapsize=131072
ignoring duplicate directory "/usr/include/x86_64-linux-gnu/c++/8"
ignoring nonexistent directory "/usr/local/include/x86_64-linux-gnu"
ignoring nonexistent directory "/usr/lib/gcc/x86_64-linux-gnu/8/include-fixed"
ignoring nonexistent directory "/usr/lib/gcc/x86_64-linux-gnu/8/../../../../x86_64-linux-gnu/include"
ignoring nonexistent directory "/usr/local/cuda-11.8/targets/x86_64-linux/include"
#include "..." search starts here:
#include <...> search starts here:
 .
 /usr/include/c++/8
 /usr/include/x86_64-linux-gnu/c++/8
 /usr/include/c++/8/backward
 /usr/lib/gcc/x86_64-linux-gnu/8/include
 /usr/local/include
 /usr/include/x86_64-linux-gnu
 /usr/include
End of search list.
GNU C++14 (Ubuntu 8.4.0-3ubuntu2) version 8.4.0 (x86_64-linux-gnu)
	compiled by GNU C version 8.4.0, GMP version 6.2.0, MPFR version 4.0.2, MPC version 1.1.0, isl version isl-0.22.1-GMP

GGC heuristics: --param ggc-min-expand=100 --param ggc-min-heapsize=131072
Compiler executable checksum: 7f898f3e7c9bafa983b4c472f0e6877a
COLLECT_GCC_OPTIONS='-D' '__CUDA_ARCH__=300' '-c' '-D' 'CUDA_DOUBLE_MATH_FUNCTIONS' '-v' '-m64' '-o' 'CMakeFiles/cmTC_c3b00.dir/CMakeCUDACompilerABI.cu.o' '-mtune=generic' '-march=x86-64'
 as -v --64 -o CMakeFiles/cmTC_c3b00.dir/CMakeCUDACompilerABI.cu.o /tmp/cc2RKVQI.s
GNU assembler version 2.34 (x86_64-linux-gnu) using BFD version (GNU Binutils for Ubuntu) 2.34
COMPILER_PATH=/usr/lib/gcc/x86_64-linux-gnu/8/:/usr/lib/gcc/x86_64-linux-gnu/8/:/usr/lib/gcc/x86_64-linux-gnu/:/usr/lib/gcc/x86_64-linux-gnu/8/:/usr/lib/gcc/x86_64-linux-gnu/
LIBRARY_PATH=/usr/lib/gcc/x86_64-linux-gnu/8/:/usr/lib/gcc/x86_64-linux-gnu/8/../../../x86_64-linux-gnu/:/usr/lib/gcc/x86_64-linux-gnu/8/../../../../lib/:/lib/x86_64-linux-gnu/:/lib/../lib/:/usr/lib/x86_64-linux-gnu/:/usr/lib/../lib/:/usr/lib/gcc/x86_64-linux-gnu/8/../../../:/lib/:/usr/lib/
COLLECT_GCC_OPTIONS='-D' '__CUDA_ARCH__=300' '-c' '-D' 'CUDA_DOUBLE_MATH_FUNCTIONS' '-v' '-m64' '-o' 'CMakeFiles/cmTC_c3b00.dir/CMakeCUDACompilerABI.cu.o' '-mtune=generic' '-march=x86-64'
/usr/bin/nvcc    -Xcompiler=-v -x cu -M /usr/local/share/cmake-3.22/Modules/CMakeCUDACompilerABI.cu -MT CMakeFiles/cmTC_c3b00.dir/CMakeCUDACompilerABI.cu.o -o CMakeFiles/cmTC_c3b00.dir/CMakeCUDACompilerABI.cu.o.d
Using built-in specs.
COLLECT_GCC=gcc-8
OFFLOAD_TARGET_NAMES=nvptx-none
OFFLOAD_TARGET_DEFAULT=1
Target: x86_64-linux-gnu
Configured with: ../src/configure -v --with-pkgversion='Ubuntu 8.4.0-3ubuntu2' --with-bugurl=file:///usr/share/doc/gcc-8/README.Bugs --enable-languages=c,ada,c++,go,brig,d,fortran,objc,obj-c++ --prefix=/usr --with-gcc-major-version-only --program-suffix=-8 --program-prefix=x86_64-linux-gnu- --enable-shared --enable-linker-build-id --libexecdir=/usr/lib --without-included-gettext --enable-threads=posix --libdir=/usr/lib --enable-nls --enable-bootstrap --enable-clocale=gnu --enable-libstdcxx-debug --enable-libstdcxx-time=yes --with-default-libstdcxx-abi=new --enable-gnu-unique-object --disable-vtable-verify --enable-libmpx --enable-plugin --enable-default-pie --with-system-zlib --with-target-system-zlib=auto --enable-objc-gc=auto --enable-multiarch --disable-werror --with-arch-32=i686 --with-abi=m64 --with-multilib-list=m32,m64,mx32 --enable-multilib --with-tune=generic --enable-offload-targets=nvptx-none --without-cuda-driver --enable-checking=release --build=x86_64-linux-gnu --host=x86_64-linux-gnu --target=x86_64-linux-gnu
Thread model: posix
gcc version 8.4.0 (Ubuntu 8.4.0-3ubuntu2) 
COLLECT_GCC_OPTIONS='-D' '__CUDA_ARCH__=300' '-E' '-D' 'CUDA_DOUBLE_MATH_FUNCTIONS' '-D' '__CUDACC__' '-D' '__NVCC__' '-v' '-D' '__CUDACC_VER_MAJOR__=10' '-D' '__CUDACC_VER_MINOR__=1' '-D' '__CUDACC_VER_BUILD__=243' '-include' 'cuda_runtime.h' '-m64' '-mtune=generic' '-march=x86-64'
 /usr/lib/gcc/x86_64-linux-gnu/8/cc1plus -E -quiet -v -imultiarch x86_64-linux-gnu -D_GNU_SOURCE -D __CUDA_ARCH__=300 -D CUDA_DOUBLE_MATH_FUNCTIONS -D __CUDACC__ -D __NVCC__ -D __CUDACC_VER_MAJOR__=10 -D __CUDACC_VER_MINOR__=1 -D __CUDACC_VER_BUILD__=243 -include cuda_runtime.h /usr/local/share/cmake-3.22/Modules/CMakeCUDACompilerABI.cu -m64 -mtune=generic -march=x86-64 -fasynchronous-unwind-tables -fstack-protector-strong -Wformat -Wformat-security -fstack-clash-protection -fcf-protection
ignoring duplicate directory "/usr/include/x86_64-linux-gnu/c++/8"
ignoring nonexistent directory "/usr/local/include/x86_64-linux-gnu"
ignoring nonexistent directory "/usr/lib/gcc/x86_64-linux-gnu/8/include-fixed"
ignoring nonexistent directory "/usr/lib/gcc/x86_64-linux-gnu/8/../../../../x86_64-linux-gnu/include"
ignoring nonexistent directory "/usr/local/cuda-11.8/targets/x86_64-linux/include"
#include "..." search starts here:
#include <...> search starts here:
 .
 /usr/include/c++/8
 /usr/include/x86_64-linux-gnu/c++/8
 /usr/include/c++/8/backward
 /usr/lib/gcc/x86_64-linux-gnu/8/include
 /usr/local/include
 /usr/include/x86_64-linux-gnu
 /usr/include
End of search list.
COMPILER_PATH=/usr/lib/gcc/x86_64-linux-gnu/8/:/usr/lib/gcc/x86_64-linux-gnu/8/:/usr/lib/gcc/x86_64-linux-gnu/:/usr/lib/gcc/x86_64-linux-gnu/8/:/usr/lib/gcc/x86_64-linux-gnu/
LIBRARY_PATH=/usr/lib/gcc/x86_64-linux-gnu/8/:/usr/lib/gcc/x86_64-linux-gnu/8/../../../x86_64-linux-gnu/:/usr/lib/gcc/x86_64-linux-gnu/8/../../../../lib/:/lib/x86_64-linux-gnu/:/lib/../lib/:/usr/lib/x86_64-linux-gnu/:/usr/lib/../lib/:/usr/lib/gcc/x86_64-linux-gnu/8/../../../:/lib/:/usr/lib/
COLLECT_GCC_OPTIONS='-D' '__CUDA_ARCH__=300' '-E' '-D' 'CUDA_DOUBLE_MATH_FUNCTIONS' '-D' '__CUDACC__' '-D' '__NVCC__' '-v' '-D' '__CUDACC_VER_MAJOR__=10' '-D' '__CUDACC_VER_MINOR__=1' '-D' '__CUDACC_VER_BUILD__=243' '-include' 'cuda_runtime.h' '-m64' '-mtune=generic' '-march=x86-64'
Using built-in specs.
COLLECT_GCC=gcc-8
OFFLOAD_TARGET_NAMES=nvptx-none
OFFLOAD_TARGET_DEFAULT=1
Target: x86_64-linux-gnu
Configured with: ../src/configure -v --with-pkgversion='Ubuntu 8.4.0-3ubuntu2' --with-bugurl=file:///usr/share/doc/gcc-8/README.Bugs --enable-languages=c,ada,c++,go,brig,d,fortran,objc,obj-c++ --prefix=/usr --with-gcc-major-version-only --program-suffix=-8 --program-prefix=x86_64-linux-gnu- --enable-shared --enable-linker-build-id --libexecdir=/usr/lib --without-included-gettext --enable-threads=posix --libdir=/usr/lib --enable-nls --enable-bootstrap --enable-clocale=gnu --enable-libstdcxx-debug --enable-libstdcxx-time=yes --with-default-libstdcxx-abi=new --enable-gnu-unique-object --disable-vtable-verify --enable-libmpx --enable-plugin --enable-default-pie --with-system-zlib --with-target-system-zlib=auto --enable-objc-gc=auto --enable-multiarch --disable-werror --with-arch-32=i686 --with-abi=m64 --with-multilib-list=m32,m64,mx32 --enable-multilib --with-tune=generic --enable-offload-targets=nvptx-none --without-cuda-driver --enable-checking=release --build=x86_64-linux-gnu --host=x86_64-linux-gnu --target=x86_64-linux-gnu
Thread model: posix
gcc version 8.4.0 (Ubuntu 8.4.0-3ubuntu2) 
COLLECT_GCC_OPTIONS='-E' '-D' '__CUDACC__' '-D' '__NVCC__' '-v' '-D' '__CUDACC_VER_MAJOR__=10' '-D' '__CUDACC_VER_MINOR__=1' '-D' '__CUDACC_VER_BUILD__=243' '-include' 'cuda_runtime.h' '-m64' '-mtune=generic' '-march=x86-64'
 /usr/lib/gcc/x86_64-linux-gnu/8/cc1plus -E -quiet -v -imultiarch x86_64-linux-gnu -D_GNU_SOURCE -D __CUDACC__ -D __NVCC__ -D __CUDACC_VER_MAJOR__=10 -D __CUDACC_VER_MINOR__=1 -D __CUDACC_VER_BUILD__=243 -include cuda_runtime.h /usr/local/share/cmake-3.22/Modules/CMakeCUDACompilerABI.cu -m64 -mtune=generic -march=x86-64 -fasynchronous-unwind-tables -fstack-protector-strong -Wformat -Wformat-security -fstack-clash-protection -fcf-protection
ignoring duplicate directory "/usr/include/x86_64-linux-gnu/c++/8"
ignoring nonexistent directory "/usr/local/include/x86_64-linux-gnu"
ignoring nonexistent directory "/usr/lib/gcc/x86_64-linux-gnu/8/include-fixed"
ignoring nonexistent directory "/usr/lib/gcc/x86_64-linux-gnu/8/../../../../x86_64-linux-gnu/include"
ignoring nonexistent directory "/usr/local/cuda-11.8/targets/x86_64-linux/include"
#include "..." search starts here:
#include <...> search starts here:
 .
 /usr/include/c++/8
 /usr/include/x86_64-linux-gnu/c++/8
 /usr/include/c++/8/backward
 /usr/lib/gcc/x86_64-linux-gnu/8/include
 /usr/local/include
 /usr/include/x86_64-linux-gnu
 /usr/include
End of search list.
COMPILER_PATH=/usr/lib/gcc/x86_64-linux-gnu/8/:/usr/lib/gcc/x86_64-linux-gnu/8/:/usr/lib/gcc/x86_64-linux-gnu/:/usr/lib/gcc/x86_64-linux-gnu/8/:/usr/lib/gcc/x86_64-linux-gnu/
LIBRARY_PATH=/usr/lib/gcc/x86_64-linux-gnu/8/:/usr/lib/gcc/x86_64-linux-gnu/8/../../../x86_64-linux-gnu/:/usr/lib/gcc/x86_64-linux-gnu/8/../../../../lib/:/lib/x86_64-linux-gnu/:/lib/../lib/:/usr/lib/x86_64-linux-gnu/:/usr/lib/../lib/:/usr/lib/gcc/x86_64-linux-gnu/8/../../../:/lib/:/usr/lib/
COLLECT_GCC_OPTIONS='-E' '-D' '__CUDACC__' '-D' '__NVCC__' '-v' '-D' '__CUDACC_VER_MAJOR__=10' '-D' '__CUDACC_VER_MINOR__=1' '-D' '__CUDACC_VER_BUILD__=243' '-include' 'cuda_runtime.h' '-m64' '-mtune=generic' '-march=x86-64'
Linking CUDA executable cmTC_c3b00
/usr/local/bin/cmake -E cmake_link_script CMakeFiles/cmTC_c3b00.dir/link.txt --verbose=1
/usr/lib/nvidia-cuda-toolkit/bin/g++  -v CMakeFiles/cmTC_c3b00.dir/CMakeCUDACompilerABI.cu.o -o cmTC_c3b00  -lcudadevrt -lcudart_static -lrt -lpthread -ldl  -L"/usr/lib/x86_64-linux-gnu/stubs" -L"/usr/lib/x86_64-linux-gnu"
Using built-in specs.
COLLECT_GCC=g++-8
COLLECT_LTO_WRAPPER=/usr/lib/gcc/x86_64-linux-gnu/8/lto-wrapper
OFFLOAD_TARGET_NAMES=nvptx-none
OFFLOAD_TARGET_DEFAULT=1
Target: x86_64-linux-gnu
Configured with: ../src/configure -v --with-pkgversion='Ubuntu 8.4.0-3ubuntu2' --with-bugurl=file:///usr/share/doc/gcc-8/README.Bugs --enable-languages=c,ada,c++,go,brig,d,fortran,objc,obj-c++ --prefix=/usr --with-gcc-major-version-only --program-suffix=-8 --program-prefix=x86_64-linux-gnu- --enable-shared --enable-linker-build-id --libexecdir=/usr/lib --without-included-gettext --enable-threads=posix --libdir=/usr/lib --enable-nls --enable-bootstrap --enable-clocale=gnu --enable-libstdcxx-debug --enable-libstdcxx-time=yes --with-default-libstdcxx-abi=new --enable-gnu-unique-object --disable-vtable-verify --enable-libmpx --enable-plugin --enable-default-pie --with-system-zlib --with-target-system-zlib=auto --enable-objc-gc=auto --enable-multiarch --disable-werror --with-arch-32=i686 --with-abi=m64 --with-multilib-list=m32,m64,mx32 --enable-multilib --with-tune=generic --enable-offload-targets=nvptx-none --without-cuda-driver --enable-checking=release --build=x86_64-linux-gnu --host=x86_64-linux-gnu --target=x86_64-linux-gnu
Thread model: posix
gcc version 8.4.0 (Ubuntu 8.4.0-3ubuntu2) 
COMPILER_PATH=/usr/lib/gcc/x86_64-linux-gnu/8/:/usr/lib/gcc/x86_64-linux-gnu/8/:/usr/lib/gcc/x86_64-linux-gnu/:/usr/lib/gcc/x86_64-linux-gnu/8/:/usr/lib/gcc/x86_64-linux-gnu/
LIBRARY_PATH=/usr/lib/gcc/x86_64-linux-gnu/8/:/usr/lib/gcc/x86_64-linux-gnu/8/../../../x86_64-linux-gnu/:/usr/lib/gcc/x86_64-linux-gnu/8/../../../../lib/:/lib/x86_64-linux-gnu/:/lib/../lib/:/usr/lib/x86_64-linux-gnu/:/usr/lib/../lib/:/usr/lib/gcc/x86_64-linux-gnu/8/../../../:/lib/:/usr/lib/
COLLECT_GCC_OPTIONS='-v' '-o' 'cmTC_c3b00' '-L/usr/lib/x86_64-linux-gnu/stubs' '-L/usr/lib/x86_64-linux-gnu' '-shared-libgcc' '-mtune=generic' '-march=x86-64'
 /usr/lib/gcc/x86_64-linux-gnu/8/collect2 -plugin /usr/lib/gcc/x86_64-linux-gnu/8/liblto_plugin.so -plugin-opt=/usr/lib/gcc/x86_64-linux-gnu/8/lto-wrapper -plugin-opt=-fresolution=/tmp/ccjhrVi4.res -plugin-opt=-pass-through=-lgcc_s -plugin-opt=-pass-through=-lgcc -plugin-opt=-pass-through=-lc -plugin-opt=-pass-through=-lgcc_s -plugin-opt=-pass-through=-lgcc --build-id --eh-frame-hdr -m elf_x86_64 --hash-style=gnu --as-needed -dynamic-linker /lib64/ld-linux-x86-64.so.2 -pie -z now -z relro -o cmTC_c3b00 /usr/lib/gcc/x86_64-linux-gnu/8/../../../x86_64-linux-gnu/Scrt1.o /usr/lib/gcc/x86_64-linux-gnu/8/../../../x86_64-linux-gnu/crti.o /usr/lib/gcc/x86_64-linux-gnu/8/crtbeginS.o -L/usr/lib/x86_64-linux-gnu/stubs -L/usr/lib/x86_64-linux-gnu -L/usr/lib/gcc/x86_64-linux-gnu/8 -L/usr/lib/gcc/x86_64-linux-gnu/8/../../../x86_64-linux-gnu -L/usr/lib/gcc/x86_64-linux-gnu/8/../../../../lib -L/lib/x86_64-linux-gnu -L/lib/../lib -L/usr/lib/x86_64-linux-gnu -L/usr/lib/../lib -L/usr/lib/gcc/x86_64-linux-gnu/8/../../.. CMakeFiles/cmTC_c3b00.dir/CMakeCUDACompilerABI.cu.o -lcudadevrt -lcudart_static -lrt -lpthread -ldl -lstdc++ -lm -lgcc_s -lgcc -lc -lgcc_s -lgcc /usr/lib/gcc/x86_64-linux-gnu/8/crtendS.o /usr/lib/gcc/x86_64-linux-gnu/8/../../../x86_64-linux-gnu/crtn.o
COLLECT_GCC_OPTIONS='-v' '-o' 'cmTC_c3b00' '-L/usr/lib/x86_64-linux-gnu/stubs' '-L/usr/lib/x86_64-linux-gnu' '-shared-libgcc' '-mtune=generic' '-march=x86-64'
make[1]: Leaving directory '/home/ioannis/Documents/UCL_project/code_development/GPU_code/github_GPU_Hemepure_HIP_CUDA_ROCM_SL/HemePure_GPU/src/build_VP_LBGK/CMakeFiles/CMakeTmp'



Parsed CUDA implicit include dir info from above output: rv=done
  found start of include info
  found start of implicit include info
    add: [.]
    add: [/usr/include/c++/8]
    add: [/usr/include/x86_64-linux-gnu/c++/8]
    add: [/usr/include/c++/8/backward]
    add: [/usr/lib/gcc/x86_64-linux-gnu/8/include]
    add: [/usr/local/include]
    add: [/usr/include/x86_64-linux-gnu]
    add: [/usr/include]
  end of search list found
  skipping relative include dir [.]
  collapse include dir [/usr/include/c++/8] ==> [/usr/include/c++/8]
  collapse include dir [/usr/include/x86_64-linux-gnu/c++/8] ==> [/usr/include/x86_64-linux-gnu/c++/8]
  collapse include dir [/usr/include/c++/8/backward] ==> [/usr/include/c++/8/backward]
  collapse include dir [/usr/lib/gcc/x86_64-linux-gnu/8/include] ==> [/usr/lib/gcc/x86_64-linux-gnu/8/include]
  collapse include dir [/usr/local/include] ==> [/usr/local/include]
  collapse include dir [/usr/include/x86_64-linux-gnu] ==> [/usr/include/x86_64-linux-gnu]
  collapse include dir [/usr/include] ==> [/usr/include]
  implicit include dirs: [/usr/include/c++/8;/usr/include/x86_64-linux-gnu/c++/8;/usr/include/c++/8/backward;/usr/lib/gcc/x86_64-linux-gnu/8/include;/usr/local/include;/usr/include/x86_64-linux-gnu;/usr/include]


Parsed CUDA implicit link information from above output:
  link line regex: [^( *|.*[/\])(ld|CMAKE_LINK_STARTFILE-NOTFOUND|([^/\]+-)?ld|collect2)[^/\]*( |$)]
  ignore line: [Change Dir: /home/ioannis/Documents/UCL_project/code_development/GPU_code/github_GPU_Hemepure_HIP_CUDA_ROCM_SL/HemePure_GPU/src/build_VP_LBGK/CMakeFiles/CMakeTmp]
  ignore line: []
  ignore line: [Run Build Command(s):/usr/bin/make -f Makefile cmTC_c3b00/fast && /usr/bin/make  -f CMakeFiles/cmTC_c3b00.dir/build.make CMakeFiles/cmTC_c3b00.dir/build]
  ignore line: [make[1]: Entering directory '/home/ioannis/Documents/UCL_project/code_development/GPU_code/github_GPU_Hemepure_HIP_CUDA_ROCM_SL/HemePure_GPU/src/build_VP_LBGK/CMakeFiles/CMakeTmp']
  ignore line: [Building CUDA object CMakeFiles/cmTC_c3b00.dir/CMakeCUDACompilerABI.cu.o]
  ignore line: [/usr/bin/nvcc    -Xcompiler=-v -x cu -c /usr/local/share/cmake-3.22/Modules/CMakeCUDACompilerABI.cu -o CMakeFiles/cmTC_c3b00.dir/CMakeCUDACompilerABI.cu.o]
  ignore line: [Using built-in specs.]
  ignore line: [COLLECT_GCC=gcc-8]
  ignore line: [OFFLOAD_TARGET_NAMES=nvptx-none]
  ignore line: [OFFLOAD_TARGET_DEFAULT=1]
  ignore line: [Target: x86_64-linux-gnu]
  ignore line: [Configured with: ../src/configure -v --with-pkgversion='Ubuntu 8.4.0-3ubuntu2' --with-bugurl=file:///usr/share/doc/gcc-8/README.Bugs --enable-languages=c ada c++ go brig d fortran objc obj-c++ --prefix=/usr --with-gcc-major-version-only --program-suffix=-8 --program-prefix=x86_64-linux-gnu- --enable-shared --enable-linker-build-id --libexecdir=/usr/lib --without-included-gettext --enable-threads=posix --libdir=/usr/lib --enable-nls --enable-bootstrap --enable-clocale=gnu --enable-libstdcxx-debug --enable-libstdcxx-time=yes --with-default-libstdcxx-abi=new --enable-gnu-unique-object --disable-vtable-verify --enable-libmpx --enable-plugin --enable-default-pie --with-system-zlib --with-target-system-zlib=auto --enable-objc-gc=auto --enable-multiarch --disable-werror --with-arch-32=i686 --with-abi=m64 --with-multilib-list=m32 m64 mx32 --enable-multilib --with-tune=generic --enable-offload-targets=nvptx-none --without-cuda-driver --enable-checking=release --build=x86_64-linux-gnu --host=x86_64-linux-gnu --target=x86_64-linux-gnu]
  ignore line: [Thread model: posix]
  ignore line: [gcc version 8.4.0 (Ubuntu 8.4.0-3ubuntu2) ]
  ignore line: [COLLECT_GCC_OPTIONS='-D' '__CUDA_ARCH__=300' '-E' '-D' 'CUDA_DOUBLE_MATH_FUNCTIONS' '-D' '__CUDACC__' '-D' '__NVCC__' '-v' '-D' '__CUDACC_VER_MAJOR__=10' '-D' '__CUDACC_VER_MINOR__=1' '-D' '__CUDACC_VER_BUILD__=243' '-include' 'cuda_runtime.h' '-m64' '-mtune=generic' '-march=x86-64']
  ignore line: [ /usr/lib/gcc/x86_64-linux-gnu/8/cc1plus -E -quiet -v -imultiarch x86_64-linux-gnu -D_GNU_SOURCE -D __CUDA_ARCH__=300 -D CUDA_DOUBLE_MATH_FUNCTIONS -D __CUDACC__ -D __NVCC__ -D __CUDACC_VER_MAJOR__=10 -D __CUDACC_VER_MINOR__=1 -D __CUDACC_VER_BUILD__=243 -include cuda_runtime.h /usr/local/share/cmake-3.22/Modules/CMakeCUDACompilerABI.cu -m64 -mtune=generic -march=x86-64 -fasynchronous-unwind-tables -fstack-protector-strong -Wformat -Wformat-security -fstack-clash-protection -fcf-protection]
  ignore line: [ignoring duplicate directory "/usr/include/x86_64-linux-gnu/c++/8"]
  ignore line: [ignoring nonexistent directory "/usr/local/include/x86_64-linux-gnu"]
  ignore line: [ignoring nonexistent directory "/usr/lib/gcc/x86_64-linux-gnu/8/include-fixed"]
  ignore line: [ignoring nonexistent directory "/usr/lib/gcc/x86_64-linux-gnu/8/../../../../x86_64-linux-gnu/include"]
  ignore line: [ignoring nonexistent directory "/usr/local/cuda-11.8/targets/x86_64-linux/include"]
  ignore line: [#include "..." search starts here:]
  ignore line: [#include <...> search starts here:]
  ignore line: [ .]
  ignore line: [ /usr/include/c++/8]
  ignore line: [ /usr/include/x86_64-linux-gnu/c++/8]
  ignore line: [ /usr/include/c++/8/backward]
  ignore line: [ /usr/lib/gcc/x86_64-linux-gnu/8/include]
  ignore line: [ /usr/local/include]
  ignore line: [ /usr/include/x86_64-linux-gnu]
  ignore line: [ /usr/include]
  ignore line: [End of search list.]
  ignore line: [COMPILER_PATH=/usr/lib/gcc/x86_64-linux-gnu/8/:/usr/lib/gcc/x86_64-linux-gnu/8/:/usr/lib/gcc/x86_64-linux-gnu/:/usr/lib/gcc/x86_64-linux-gnu/8/:/usr/lib/gcc/x86_64-linux-gnu/]
  ignore line: [LIBRARY_PATH=/usr/lib/gcc/x86_64-linux-gnu/8/:/usr/lib/gcc/x86_64-linux-gnu/8/../../../x86_64-linux-gnu/:/usr/lib/gcc/x86_64-linux-gnu/8/../../../../lib/:/lib/x86_64-linux-gnu/:/lib/../lib/:/usr/lib/x86_64-linux-gnu/:/usr/lib/../lib/:/usr/lib/gcc/x86_64-linux-gnu/8/../../../:/lib/:/usr/lib/]
  ignore line: [COLLECT_GCC_OPTIONS='-D' '__CUDA_ARCH__=300' '-E' '-D' 'CUDA_DOUBLE_MATH_FUNCTIONS' '-D' '__CUDACC__' '-D' '__NVCC__' '-v' '-D' '__CUDACC_VER_MAJOR__=10' '-D' '__CUDACC_VER_MINOR__=1' '-D' '__CUDACC_VER_BUILD__=243' '-include' 'cuda_runtime.h' '-m64' '-mtune=generic' '-march=x86-64']
  ignore line: [Using built-in specs.]
  ignore line: [COLLECT_GCC=gcc-8]
  ignore line: [OFFLOAD_TARGET_NAMES=nvptx-none]
  ignore line: [OFFLOAD_TARGET_DEFAULT=1]
  ignore line: [Target: x86_64-linux-gnu]
  ignore line: [Configured with: ../src/configure -v --with-pkgversion='Ubuntu 8.4.0-3ubuntu2' --with-bugurl=file:///usr/share/doc/gcc-8/README.Bugs --enable-languages=c ada c++ go brig d fortran objc obj-c++ --prefix=/usr --with-gcc-major-version-only --program-suffix=-8 --program-prefix=x86_64-linux-gnu- --enable-shared --enable-linker-build-id --libexecdir=/usr/lib --without-included-gettext --enable-threads=posix --libdir=/usr/lib --enable-nls --enable-bootstrap --enable-clocale=gnu --enable-libstdcxx-debug --enable-libstdcxx-time=yes --with-default-libstdcxx-abi=new --enable-gnu-unique-object --disable-vtable-verify --enable-libmpx --enable-plugin --enable-default-pie --with-system-zlib --with-target-system-zlib=auto --enable-objc-gc=auto --enable-multiarch --disable-werror --with-arch-32=i686 --with-abi=m64 --with-multilib-list=m32 m64 mx32 --enable-multilib --with-tune=generic --enable-offload-targets=nvptx-none --without-cuda-driver --enable-checking=release --build=x86_64-linux-gnu --host=x86_64-linux-gnu --target=x86_64-linux-gnu]
  ignore line: [Thread model: posix]
  ignore line: [gcc version 8.4.0 (Ubuntu 8.4.0-3ubuntu2) ]
  ignore line: [COLLECT_GCC_OPTIONS='-E' '-D' '__CUDACC__' '-D' '__NVCC__' '-v' '-D' '__CUDACC_VER_MAJOR__=10' '-D' '__CUDACC_VER_MINOR__=1' '-D' '__CUDACC_VER_BUILD__=243' '-include' 'cuda_runtime.h' '-m64' '-mtune=generic' '-march=x86-64']
  ignore line: [ /usr/lib/gcc/x86_64-linux-gnu/8/cc1plus -E -quiet -v -imultiarch x86_64-linux-gnu -D_GNU_SOURCE -D __CUDACC__ -D __NVCC__ -D __CUDACC_VER_MAJOR__=10 -D __CUDACC_VER_MINOR__=1 -D __CUDACC_VER_BUILD__=243 -include cuda_runtime.h /usr/local/share/cmake-3.22/Modules/CMakeCUDACompilerABI.cu -m64 -mtune=generic -march=x86-64 -fasynchronous-unwind-tables -fstack-protector-strong -Wformat -Wformat-security -fstack-clash-protection -fcf-protection]
  ignore line: [ignoring duplicate directory "/usr/include/x86_64-linux-gnu/c++/8"]
  ignore line: [ignoring nonexistent directory "/usr/local/include/x86_64-linux-gnu"]
  ignore line: [ignoring nonexistent directory "/usr/lib/gcc/x86_64-linux-gnu/8/include-fixed"]
  ignore line: [ignoring nonexistent directory "/usr/lib/gcc/x86_64-linux-gnu/8/../../../../x86_64-linux-gnu/include"]
  ignore line: [ignoring nonexistent directory "/usr/local/cuda-11.8/targets/x86_64-linux/include"]
  ignore line: [#include "..." search starts here:]
  ignore line: [#include <...> search starts here:]
  ignore line: [ .]
  ignore line: [ /usr/include/c++/8]
  ignore line: [ /usr/include/x86_64-linux-gnu/c++/8]
  ignore line: [ /usr/include/c++/8/backward]
  ignore line: [ /usr/lib/gcc/x86_64-linux-gnu/8/include]
  ignore line: [ /usr/local/include]
  ignore line: [ /usr/include/x86_64-linux-gnu]
  ignore line: [ /usr/include]
  ignore line: [End of search list.]
  ignore line: [COMPILER_PATH=/usr/lib/gcc/x86_64-linux-gnu/8/:/usr/lib/gcc/x86_64-linux-gnu/8/:/usr/lib/gcc/x86_64-linux-gnu/:/usr/lib/gcc/x86_64-linux-gnu/8/:/usr/lib/gcc/x86_64-linux-gnu/]
  ignore line: [LIBRARY_PATH=/usr/lib/gcc/x86_64-linux-gnu/8/:/usr/lib/gcc/x86_64-linux-gnu/8/../../../x86_64-linux-gnu/:/usr/lib/gcc/x86_64-linux-gnu/8/../../../../lib/:/lib/x86_64-linux-gnu/:/lib/../lib/:/usr/lib/x86_64-linux-gnu/:/usr/lib/../lib/:/usr/lib/gcc/x86_64-linux-gnu/8/../../../:/lib/:/usr/lib/]
  ignore line: [COLLECT_GCC_OPTIONS='-E' '-D' '__CUDACC__' '-D' '__NVCC__' '-v' '-D' '__CUDACC_VER_MAJOR__=10' '-D' '__CUDACC_VER_MINOR__=1' '-D' '__CUDACC_VER_BUILD__=243' '-include' 'cuda_runtime.h' '-m64' '-mtune=generic' '-march=x86-64']
  ignore line: [Using built-in specs.]
  ignore line: [COLLECT_GCC=gcc-8]
  ignore line: [OFFLOAD_TARGET_NAMES=nvptx-none]
  ignore line: [OFFLOAD_TARGET_DEFAULT=1]
  ignore line: [Target: x86_64-linux-gnu]
  ignore line: [Configured with: ../src/configure -v --with-pkgversion='Ubuntu 8.4.0-3ubuntu2' --with-bugurl=file:///usr/share/doc/gcc-8/README.Bugs --enable-languages=c ada c++ go brig d fortran objc obj-c++ --prefix=/usr --with-gcc-major-version-only --program-suffix=-8 --program-prefix=x86_64-linux-gnu- --enable-shared --enable-linker-build-id --libexecdir=/usr/lib --without-included-gettext --enable-threads=posix --libdir=/usr/lib --enable-nls --enable-bootstrap --enable-clocale=gnu --enable-libstdcxx-debug --enable-libstdcxx-time=yes --with-default-libstdcxx-abi=new --enable-gnu-unique-object --disable-vtable-verify --enable-libmpx --enable-plugin --enable-default-pie --with-system-zlib --with-target-system-zlib=auto --enable-objc-gc=auto --enable-multiarch --disable-werror --with-arch-32=i686 --with-abi=m64 --with-multilib-list=m32 m64 mx32 --enable-multilib --with-tune=generic --enable-offload-targets=nvptx-none --without-cuda-driver --enable-checking=release --build=x86_64-linux-gnu --host=x86_64-linux-gnu --target=x86_64-linux-gnu]
  ignore line: [Thread model: posix]
  ignore line: [gcc version 8.4.0 (Ubuntu 8.4.0-3ubuntu2) ]
  ignore line: [COLLECT_GCC_OPTIONS='-D' '__CUDA_ARCH__=300' '-c' '-D' 'CUDA_DOUBLE_MATH_FUNCTIONS' '-v' '-m64' '-o' 'CMakeFiles/cmTC_c3b00.dir/CMakeCUDACompilerABI.cu.o' '-mtune=generic' '-march=x86-64']
  ignore line: [ /usr/lib/gcc/x86_64-linux-gnu/8/cc1plus -quiet -v -imultiarch x86_64-linux-gnu -D_GNU_SOURCE -D __CUDA_ARCH__=300 -D CUDA_DOUBLE_MATH_FUNCTIONS /tmp/tmpxft_000073b6_00000000-5_CMakeCUDACompilerABI.cudafe1.cpp -quiet -dumpbase tmpxft_000073b6_00000000-5_CMakeCUDACompilerABI.cudafe1.cpp -m64 -mtune=generic -march=x86-64 -auxbase-strip CMakeFiles/cmTC_c3b00.dir/CMakeCUDACompilerABI.cu.o -version -fasynchronous-unwind-tables -fstack-protector-strong -Wformat -Wformat-security -fstack-clash-protection -fcf-protection -o /tmp/cc2RKVQI.s]
  ignore line: [GNU C++14 (Ubuntu 8.4.0-3ubuntu2) version 8.4.0 (x86_64-linux-gnu)]
  ignore line: [	compiled by GNU C version 8.4.0  GMP version 6.2.0  MPFR version 4.0.2  MPC version 1.1.0  isl version isl-0.22.1-GMP]
  ignore line: []
  ignore line: [GGC heuristics: --param ggc-min-expand=100 --param ggc-min-heapsize=131072]
  ignore line: [ignoring duplicate directory "/usr/include/x86_64-linux-gnu/c++/8"]
  ignore line: [ignoring nonexistent directory "/usr/local/include/x86_64-linux-gnu"]
  ignore line: [ignoring nonexistent directory "/usr/lib/gcc/x86_64-linux-gnu/8/include-fixed"]
  ignore line: [ignoring nonexistent directory "/usr/lib/gcc/x86_64-linux-gnu/8/../../../../x86_64-linux-gnu/include"]
  ignore line: [ignoring nonexistent directory "/usr/local/cuda-11.8/targets/x86_64-linux/include"]
  ignore line: [#include "..." search starts here:]
  ignore line: [#include <...> search starts here:]
  ignore line: [ .]
  ignore line: [ /usr/include/c++/8]
  ignore line: [ /usr/include/x86_64-linux-gnu/c++/8]
  ignore line: [ /usr/include/c++/8/backward]
  ignore line: [ /usr/lib/gcc/x86_64-linux-gnu/8/include]
  ignore line: [ /usr/local/include]
  ignore line: [ /usr/include/x86_64-linux-gnu]
  ignore line: [ /usr/include]
  ignore line: [End of search list.]
  ignore line: [GNU C++14 (Ubuntu 8.4.0-3ubuntu2) version 8.4.0 (x86_64-linux-gnu)]
  ignore line: [	compiled by GNU C version 8.4.0  GMP version 6.2.0  MPFR version 4.0.2  MPC version 1.1.0  isl version isl-0.22.1-GMP]
  ignore line: []
  ignore line: [GGC heuristics: --param ggc-min-expand=100 --param ggc-min-heapsize=131072]
  ignore line: [Compiler executable checksum: 7f898f3e7c9bafa983b4c472f0e6877a]
  ignore line: [COLLECT_GCC_OPTIONS='-D' '__CUDA_ARCH__=300' '-c' '-D' 'CUDA_DOUBLE_MATH_FUNCTIONS' '-v' '-m64' '-o' 'CMakeFiles/cmTC_c3b00.dir/CMakeCUDACompilerABI.cu.o' '-mtune=generic' '-march=x86-64']
  ignore line: [ as -v --64 -o CMakeFiles/cmTC_c3b00.dir/CMakeCUDACompilerABI.cu.o /tmp/cc2RKVQI.s]
  ignore line: [GNU assembler version 2.34 (x86_64-linux-gnu) using BFD version (GNU Binutils for Ubuntu) 2.34]
  ignore line: [COMPILER_PATH=/usr/lib/gcc/x86_64-linux-gnu/8/:/usr/lib/gcc/x86_64-linux-gnu/8/:/usr/lib/gcc/x86_64-linux-gnu/:/usr/lib/gcc/x86_64-linux-gnu/8/:/usr/lib/gcc/x86_64-linux-gnu/]
  ignore line: [LIBRARY_PATH=/usr/lib/gcc/x86_64-linux-gnu/8/:/usr/lib/gcc/x86_64-linux-gnu/8/../../../x86_64-linux-gnu/:/usr/lib/gcc/x86_64-linux-gnu/8/../../../../lib/:/lib/x86_64-linux-gnu/:/lib/../lib/:/usr/lib/x86_64-linux-gnu/:/usr/lib/../lib/:/usr/lib/gcc/x86_64-linux-gnu/8/../../../:/lib/:/usr/lib/]
  ignore line: [COLLECT_GCC_OPTIONS='-D' '__CUDA_ARCH__=300' '-c' '-D' 'CUDA_DOUBLE_MATH_FUNCTIONS' '-v' '-m64' '-o' 'CMakeFiles/cmTC_c3b00.dir/CMakeCUDACompilerABI.cu.o' '-mtune=generic' '-march=x86-64']
  ignore line: [/usr/bin/nvcc    -Xcompiler=-v -x cu -M /usr/local/share/cmake-3.22/Modules/CMakeCUDACompilerABI.cu -MT CMakeFiles/cmTC_c3b00.dir/CMakeCUDACompilerABI.cu.o -o CMakeFiles/cmTC_c3b00.dir/CMakeCUDACompilerABI.cu.o.d]
  ignore line: [Using built-in specs.]
  ignore line: [COLLECT_GCC=gcc-8]
  ignore line: [OFFLOAD_TARGET_NAMES=nvptx-none]
  ignore line: [OFFLOAD_TARGET_DEFAULT=1]
  ignore line: [Target: x86_64-linux-gnu]
  ignore line: [Configured with: ../src/configure -v --with-pkgversion='Ubuntu 8.4.0-3ubuntu2' --with-bugurl=file:///usr/share/doc/gcc-8/README.Bugs --enable-languages=c ada c++ go brig d fortran objc obj-c++ --prefix=/usr --with-gcc-major-version-only --program-suffix=-8 --program-prefix=x86_64-linux-gnu- --enable-shared --enable-linker-build-id --libexecdir=/usr/lib --without-included-gettext --enable-threads=posix --libdir=/usr/lib --enable-nls --enable-bootstrap --enable-clocale=gnu --enable-libstdcxx-debug --enable-libstdcxx-time=yes --with-default-libstdcxx-abi=new --enable-gnu-unique-object --disable-vtable-verify --enable-libmpx --enable-plugin --enable-default-pie --with-system-zlib --with-target-system-zlib=auto --enable-objc-gc=auto --enable-multiarch --disable-werror --with-arch-32=i686 --with-abi=m64 --with-multilib-list=m32 m64 mx32 --enable-multilib --with-tune=generic --enable-offload-targets=nvptx-none --without-cuda-driver --enable-checking=release --build=x86_64-linux-gnu --host=x86_64-linux-gnu --target=x86_64-linux-gnu]
  ignore line: [Thread model: posix]
  ignore line: [gcc version 8.4.0 (Ubuntu 8.4.0-3ubuntu2) ]
  ignore line: [COLLECT_GCC_OPTIONS='-D' '__CUDA_ARCH__=300' '-E' '-D' 'CUDA_DOUBLE_MATH_FUNCTIONS' '-D' '__CUDACC__' '-D' '__NVCC__' '-v' '-D' '__CUDACC_VER_MAJOR__=10' '-D' '__CUDACC_VER_MINOR__=1' '-D' '__CUDACC_VER_BUILD__=243' '-include' 'cuda_runtime.h' '-m64' '-mtune=generic' '-march=x86-64']
  ignore line: [ /usr/lib/gcc/x86_64-linux-gnu/8/cc1plus -E -quiet -v -imultiarch x86_64-linux-gnu -D_GNU_SOURCE -D __CUDA_ARCH__=300 -D CUDA_DOUBLE_MATH_FUNCTIONS -D __CUDACC__ -D __NVCC__ -D __CUDACC_VER_MAJOR__=10 -D __CUDACC_VER_MINOR__=1 -D __CUDACC_VER_BUILD__=243 -include cuda_runtime.h /usr/local/share/cmake-3.22/Modules/CMakeCUDACompilerABI.cu -m64 -mtune=generic -march=x86-64 -fasynchronous-unwind-tables -fstack-protector-strong -Wformat -Wformat-security -fstack-clash-protection -fcf-protection]
  ignore line: [ignoring duplicate directory "/usr/include/x86_64-linux-gnu/c++/8"]
  ignore line: [ignoring nonexistent directory "/usr/local/include/x86_64-linux-gnu"]
  ignore line: [ignoring nonexistent directory "/usr/lib/gcc/x86_64-linux-gnu/8/include-fixed"]
  ignore line: [ignoring nonexistent directory "/usr/lib/gcc/x86_64-linux-gnu/8/../../../../x86_64-linux-gnu/include"]
  ignore line: [ignoring nonexistent directory "/usr/local/cuda-11.8/targets/x86_64-linux/include"]
  ignore line: [#include "..." search starts here:]
  ignore line: [#include <...> search starts here:]
  ignore line: [ .]
  ignore line: [ /usr/include/c++/8]
  ignore line: [ /usr/include/x86_64-linux-gnu/c++/8]
  ignore line: [ /usr/include/c++/8/backward]
  ignore line: [ /usr/lib/gcc/x86_64-linux-gnu/8/include]
  ignore line: [ /usr/local/include]
  ignore line: [ /usr/include/x86_64-linux-gnu]
  ignore line: [ /usr/include]
  ignore line: [End of search list.]
  ignore line: [COMPILER_PATH=/usr/lib/gcc/x86_64-linux-gnu/8/:/usr/lib/gcc/x86_64-linux-gnu/8/:/usr/lib/gcc/x86_64-linux-gnu/:/usr/lib/gcc/x86_64-linux-gnu/8/:/usr/lib/gcc/x86_64-linux-gnu/]
  ignore line: [LIBRARY_PATH=/usr/lib/gcc/x86_64-linux-gnu/8/:/usr/lib/gcc/x86_64-linux-gnu/8/../../../x86_64-linux-gnu/:/usr/lib/gcc/x86_64-linux-gnu/8/../../../../lib/:/lib/x86_64-linux-gnu/:/lib/../lib/:/usr/lib/x86_64-linux-gnu/:/usr/lib/../lib/:/usr/lib/gcc/x86_64-linux-gnu/8/../../../:/lib/:/usr/lib/]
  ignore line: [COLLECT_GCC_OPTIONS='-D' '__CUDA_ARCH__=300' '-E' '-D' 'CUDA_DOUBLE_MATH_FUNCTIONS' '-D' '__CUDACC__' '-D' '__NVCC__' '-v' '-D' '__CUDACC_VER_MAJOR__=10' '-D' '__CUDACC_VER_MINOR__=1' '-D' '__CUDACC_VER_BUILD__=243' '-include' 'cuda_runtime.h' '-m64' '-mtune=generic' '-march=x86-64']
  ignore line: [Using built-in specs.]
  ignore line: [COLLECT_GCC=gcc-8]
  ignore line: [OFFLOAD_TARGET_NAMES=nvptx-none]
  ignore line: [OFFLOAD_TARGET_DEFAULT=1]
  ignore line: [Target: x86_64-linux-gnu]
  ignore line: [Configured with: ../src/configure -v --with-pkgversion='Ubuntu 8.4.0-3ubuntu2' --with-bugurl=file:///usr/share/doc/gcc-8/README.Bugs --enable-languages=c ada c++ go brig d fortran objc obj-c++ --prefix=/usr --with-gcc-major-version-only --program-suffix=-8 --program-prefix=x86_64-linux-gnu- --enable-shared --enable-linker-build-id --libexecdir=/usr/lib --without-included-gettext --enable-threads=posix --libdir=/usr/lib --enable-nls --enable-bootstrap --enable-clocale=gnu --enable-libstdcxx-debug --enable-libstdcxx-time=yes --with-default-libstdcxx-abi=new --enable-gnu-unique-object --disable-vtable-verify --enable-libmpx --enable-plugin --enable-default-pie --with-system-zlib --with-target-system-zlib=auto --enable-objc-gc=auto --enable-multiarch --disable-werror --with-arch-32=i686 --with-abi=m64 --with-multilib-list=m32 m64 mx32 --enable-multilib --with-tune=generic --enable-offload-targets=nvptx-none --without-cuda-driver --enable-checking=release --build=x86_64-linux-gnu --host=x86_64-linux-gnu --target=x86_64-linux-gnu]
  ignore line: [Thread model: posix]
  ignore line: [gcc version 8.4.0 (Ubuntu 8.4.0-3ubuntu2) ]
  ignore line: [COLLECT_GCC_OPTIONS='-E' '-D' '__CUDACC__' '-D' '__NVCC__' '-v' '-D' '__CUDACC_VER_MAJOR__=10' '-D' '__CUDACC_VER_MINOR__=1' '-D' '__CUDACC_VER_BUILD__=243' '-include' 'cuda_runtime.h' '-m64' '-mtune=generic' '-march=x86-64']
  ignore line: [ /usr/lib/gcc/x86_64-linux-gnu/8/cc1plus -E -quiet -v -imultiarch x86_64-linux-gnu -D_GNU_SOURCE -D __CUDACC__ -D __NVCC__ -D __CUDACC_VER_MAJOR__=10 -D __CUDACC_VER_MINOR__=1 -D __CUDACC_VER_BUILD__=243 -include cuda_runtime.h /usr/local/share/cmake-3.22/Modules/CMakeCUDACompilerABI.cu -m64 -mtune=generic -march=x86-64 -fasynchronous-unwind-tables -fstack-protector-strong -Wformat -Wformat-security -fstack-clash-protection -fcf-protection]
  ignore line: [ignoring duplicate directory "/usr/include/x86_64-linux-gnu/c++/8"]
  ignore line: [ignoring nonexistent directory "/usr/local/include/x86_64-linux-gnu"]
  ignore line: [ignoring nonexistent directory "/usr/lib/gcc/x86_64-linux-gnu/8/include-fixed"]
  ignore line: [ignoring nonexistent directory "/usr/lib/gcc/x86_64-linux-gnu/8/../../../../x86_64-linux-gnu/include"]
  ignore line: [ignoring nonexistent directory "/usr/local/cuda-11.8/targets/x86_64-linux/include"]
  ignore line: [#include "..." search starts here:]
  ignore line: [#include <...> search starts here:]
  ignore line: [ .]
  ignore line: [ /usr/include/c++/8]
  ignore line: [ /usr/include/x86_64-linux-gnu/c++/8]
  ignore line: [ /usr/include/c++/8/backward]
  ignore line: [ /usr/lib/gcc/x86_64-linux-gnu/8/include]
  ignore line: [ /usr/local/include]
  ignore line: [ /usr/include/x86_64-linux-gnu]
  ignore line: [ /usr/include]
  ignore line: [End of search list.]
  ignore line: [COMPILER_PATH=/usr/lib/gcc/x86_64-linux-gnu/8/:/usr/lib/gcc/x86_64-linux-gnu/8/:/usr/lib/gcc/x86_64-linux-gnu/:/usr/lib/gcc/x86_64-linux-gnu/8/:/usr/lib/gcc/x86_64-linux-gnu/]
  ignore line: [LIBRARY_PATH=/usr/lib/gcc/x86_64-linux-gnu/8/:/usr/lib/gcc/x86_64-linux-gnu/8/../../../x86_64-linux-gnu/:/usr/lib/gcc/x86_64-linux-gnu/8/../../../../lib/:/lib/x86_64-linux-gnu/:/lib/../lib/:/usr/lib/x86_64-linux-gnu/:/usr/lib/../lib/:/usr/lib/gcc/x86_64-linux-gnu/8/../../../:/lib/:/usr/lib/]
  ignore line: [COLLECT_GCC_OPTIONS='-E' '-D' '__CUDACC__' '-D' '__NVCC__' '-v' '-D' '__CUDACC_VER_MAJOR__=10' '-D' '__CUDACC_VER_MINOR__=1' '-D' '__CUDACC_VER_BUILD__=243' '-include' 'cuda_runtime.h' '-m64' '-mtune=generic' '-march=x86-64']
  ignore line: [Linking CUDA executable cmTC_c3b00]
  ignore line: [/usr/local/bin/cmake -E cmake_link_script CMakeFiles/cmTC_c3b00.dir/link.txt --verbose=1]
  ignore line: [/usr/lib/nvidia-cuda-toolkit/bin/g++  -v CMakeFiles/cmTC_c3b00.dir/CMakeCUDACompilerABI.cu.o -o cmTC_c3b00  -lcudadevrt -lcudart_static -lrt -lpthread -ldl  -L"/usr/lib/x86_64-linux-gnu/stubs" -L"/usr/lib/x86_64-linux-gnu"]
  ignore line: [Using built-in specs.]
  ignore line: [COLLECT_GCC=g++-8]
  ignore line: [COLLECT_LTO_WRAPPER=/usr/lib/gcc/x86_64-linux-gnu/8/lto-wrapper]
  ignore line: [OFFLOAD_TARGET_NAMES=nvptx-none]
  ignore line: [OFFLOAD_TARGET_DEFAULT=1]
  ignore line: [Target: x86_64-linux-gnu]
  ignore line: [Configured with: ../src/configure -v --with-pkgversion='Ubuntu 8.4.0-3ubuntu2' --with-bugurl=file:///usr/share/doc/gcc-8/README.Bugs --enable-languages=c ada c++ go brig d fortran objc obj-c++ --prefix=/usr --with-gcc-major-version-only --program-suffix=-8 --program-prefix=x86_64-linux-gnu- --enable-shared --enable-linker-build-id --libexecdir=/usr/lib --without-included-gettext --enable-threads=posix --libdir=/usr/lib --enable-nls --enable-bootstrap --enable-clocale=gnu --enable-libstdcxx-debug --enable-libstdcxx-time=yes --with-default-libstdcxx-abi=new --enable-gnu-unique-object --disable-vtable-verify --enable-libmpx --enable-plugin --enable-default-pie --with-system-zlib --with-target-system-zlib=auto --enable-objc-gc=auto --enable-multiarch --disable-werror --with-arch-32=i686 --with-abi=m64 --with-multilib-list=m32 m64 mx32 --enable-multilib --with-tune=generic --enable-offload-targets=nvptx-none --without-cuda-driver --enable-checking=release --build=x86_64-linux-gnu --host=x86_64-linux-gnu --target=x86_64-linux-gnu]
  ignore line: [Thread model: posix]
  ignore line: [gcc version 8.4.0 (Ubuntu 8.4.0-3ubuntu2) ]
  ignore line: [COMPILER_PATH=/usr/lib/gcc/x86_64-linux-gnu/8/:/usr/lib/gcc/x86_64-linux-gnu/8/:/usr/lib/gcc/x86_64-linux-gnu/:/usr/lib/gcc/x86_64-linux-gnu/8/:/usr/lib/gcc/x86_64-linux-gnu/]
  ignore line: [LIBRARY_PATH=/usr/lib/gcc/x86_64-linux-gnu/8/:/usr/lib/gcc/x86_64-linux-gnu/8/../../../x86_64-linux-gnu/:/usr/lib/gcc/x86_64-linux-gnu/8/../../../../lib/:/lib/x86_64-linux-gnu/:/lib/../lib/:/usr/lib/x86_64-linux-gnu/:/usr/lib/../lib/:/usr/lib/gcc/x86_64-linux-gnu/8/../../../:/lib/:/usr/lib/]
  ignore line: [COLLECT_GCC_OPTIONS='-v' '-o' 'cmTC_c3b00' '-L/usr/lib/x86_64-linux-gnu/stubs' '-L/usr/lib/x86_64-linux-gnu' '-shared-libgcc' '-mtune=generic' '-march=x86-64']
  link line: [ /usr/lib/gcc/x86_64-linux-gnu/8/collect2 -plugin /usr/lib/gcc/x86_64-linux-gnu/8/liblto_plugin.so -plugin-opt=/usr/lib/gcc/x86_64-linux-gnu/8/lto-wrapper -plugin-opt=-fresolution=/tmp/ccjhrVi4.res -plugin-opt=-pass-through=-lgcc_s -plugin-opt=-pass-through=-lgcc -plugin-opt=-pass-through=-lc -plugin-opt=-pass-through=-lgcc_s -plugin-opt=-pass-through=-lgcc --build-id --eh-frame-hdr -m elf_x86_64 --hash-style=gnu --as-needed -dynamic-linker /lib64/ld-linux-x86-64.so.2 -pie -z now -z relro -o cmTC_c3b00 /usr/lib/gcc/x86_64-linux-gnu/8/../../../x86_64-linux-gnu/Scrt1.o /usr/lib/gcc/x86_64-linux-gnu/8/../../../x86_64-linux-gnu/crti.o /usr/lib/gcc/x86_64-linux-gnu/8/crtbeginS.o -L/usr/lib/x86_64-linux-gnu/stubs -L/usr/lib/x86_64-linux-gnu -L/usr/lib/gcc/x86_64-linux-gnu/8 -L/usr/lib/gcc/x86_64-linux-gnu/8/../../../x86_64-linux-gnu -L/usr/lib/gcc/x86_64-linux-gnu/8/../../../../lib -L/lib/x86_64-linux-gnu -L/lib/../lib -L/usr/lib/x86_64-linux-gnu -L/usr/lib/../lib -L/usr/lib/gcc/x86_64-linux-gnu/8/../../.. CMakeFiles/cmTC_c3b00.dir/CMakeCUDACompilerABI.cu.o -lcudadevrt -lcudart_static -lrt -lpthread -ldl -lstdc++ -lm -lgcc_s -lgcc -lc -lgcc_s -lgcc /usr/lib/gcc/x86_64-linux-gnu/8/crtendS.o /usr/lib/gcc/x86_64-linux-gnu/8/../../../x86_64-linux-gnu/crtn.o]
    arg [/usr/lib/gcc/x86_64-linux-gnu/8/collect2] ==> ignore
    arg [-plugin] ==> ignore
    arg [/usr/lib/gcc/x86_64-linux-gnu/8/liblto_plugin.so] ==> ignore
    arg [-plugin-opt=/usr/lib/gcc/x86_64-linux-gnu/8/lto-wrapper] ==> ignore
    arg [-plugin-opt=-fresolution=/tmp/ccjhrVi4.res] ==> ignore
    arg [-plugin-opt=-pass-through=-lgcc_s] ==> ignore
    arg [-plugin-opt=-pass-through=-lgcc] ==> ignore
    arg [-plugin-opt=-pass-through=-lc] ==> ignore
    arg [-plugin-opt=-pass-through=-lgcc_s] ==> ignore
    arg [-plugin-opt=-pass-through=-lgcc] ==> ignore
    arg [--build-id] ==> ignore
    arg [--eh-frame-hdr] ==> ignore
    arg [-m] ==> ignore
    arg [elf_x86_64] ==> ignore
    arg [--hash-style=gnu] ==> ignore
    arg [--as-needed] ==> ignore
    arg [-dynamic-linker] ==> ignore
    arg [/lib64/ld-linux-x86-64.so.2] ==> ignore
    arg [-pie] ==> ignore
    arg [-znow] ==> ignore
    arg [-zrelro] ==> ignore
    arg [-o] ==> ignore
    arg [cmTC_c3b00] ==> ignore
    arg [/usr/lib/gcc/x86_64-linux-gnu/8/../../../x86_64-linux-gnu/Scrt1.o] ==> obj [/usr/lib/gcc/x86_64-linux-gnu/8/../../../x86_64-linux-gnu/Scrt1.o]
    arg [/usr/lib/gcc/x86_64-linux-gnu/8/../../../x86_64-linux-gnu/crti.o] ==> obj [/usr/lib/gcc/x86_64-linux-gnu/8/../../../x86_64-linux-gnu/crti.o]
    arg [/usr/lib/gcc/x86_64-linux-gnu/8/crtbeginS.o] ==> obj [/usr/lib/gcc/x86_64-linux-gnu/8/crtbeginS.o]
    arg [-L/usr/lib/x86_64-linux-gnu/stubs] ==> dir [/usr/lib/x86_64-linux-gnu/stubs]
    arg [-L/usr/lib/x86_64-linux-gnu] ==> dir [/usr/lib/x86_64-linux-gnu]
    arg [-L/usr/lib/gcc/x86_64-linux-gnu/8] ==> dir [/usr/lib/gcc/x86_64-linux-gnu/8]
    arg [-L/usr/lib/gcc/x86_64-linux-gnu/8/../../../x86_64-linux-gnu] ==> dir [/usr/lib/gcc/x86_64-linux-gnu/8/../../../x86_64-linux-gnu]
    arg [-L/usr/lib/gcc/x86_64-linux-gnu/8/../../../../lib] ==> dir [/usr/lib/gcc/x86_64-linux-gnu/8/../../../../lib]
    arg [-L/lib/x86_64-linux-gnu] ==> dir [/lib/x86_64-linux-gnu]
    arg [-L/lib/../lib] ==> dir [/lib/../lib]
    arg [-L/usr/lib/x86_64-linux-gnu] ==> dir [/usr/lib/x86_64-linux-gnu]
    arg [-L/usr/lib/../lib] ==> dir [/usr/lib/../lib]
    arg [-L/usr/lib/gcc/x86_64-linux-gnu/8/../../..] ==> dir [/usr/lib/gcc/x86_64-linux-gnu/8/../../..]
    arg [CMakeFiles/cmTC_c3b00.dir/CMakeCUDACompilerABI.cu.o] ==> ignore
    arg [-lcudadevrt] ==> lib [cudadevrt]
    arg [-lcudart_static] ==> lib [cudart_static]
    arg [-lrt] ==> lib [rt]
    arg [-lpthread] ==> lib [pthread]
    arg [-ldl] ==> lib [dl]
    arg [-lstdc++] ==> lib [stdc++]
    arg [-lm] ==> lib [m]
    arg [-lgcc_s] ==> lib [gcc_s]
    arg [-lgcc] ==> lib [gcc]
    arg [-lc] ==> lib [c]
    arg [-lgcc_s] ==> lib [gcc_s]
    arg [-lgcc] ==> lib [gcc]
    arg [/usr/lib/gcc/x86_64-linux-gnu/8/crtendS.o] ==> obj [/usr/lib/gcc/x86_64-linux-gnu/8/crtendS.o]
    arg [/usr/lib/gcc/x86_64-linux-gnu/8/../../../x86_64-linux-gnu/crtn.o] ==> obj [/usr/lib/gcc/x86_64-linux-gnu/8/../../../x86_64-linux-gnu/crtn.o]
  collapse obj [/usr/lib/gcc/x86_64-linux-gnu/8/../../../x86_64-linux-gnu/Scrt1.o] ==> [/usr/lib/x86_64-linux-gnu/Scrt1.o]
  collapse obj [/usr/lib/gcc/x86_64-linux-gnu/8/../../../x86_64-linux-gnu/crti.o] ==> [/usr/lib/x86_64-linux-gnu/crti.o]
  collapse obj [/usr/lib/gcc/x86_64-linux-gnu/8/../../../x86_64-linux-gnu/crtn.o] ==> [/usr/lib/x86_64-linux-gnu/crtn.o]
  collapse library dir [/usr/lib/x86_64-linux-gnu/stubs] ==> [/usr/lib/x86_64-linux-gnu/stubs]
  collapse library dir [/usr/lib/x86_64-linux-gnu] ==> [/usr/lib/x86_64-linux-gnu]
  collapse library dir [/usr/lib/gcc/x86_64-linux-gnu/8] ==> [/usr/lib/gcc/x86_64-linux-gnu/8]
  collapse library dir [/usr/lib/gcc/x86_64-linux-gnu/8/../../../x86_64-linux-gnu] ==> [/usr/lib/x86_64-linux-gnu]
  collapse library dir [/usr/lib/gcc/x86_64-linux-gnu/8/../../../../lib] ==> [/usr/lib]
  collapse library dir [/lib/x86_64-linux-gnu] ==> [/lib/x86_64-linux-gnu]
  collapse library dir [/lib/../lib] ==> [/lib]
  collapse library dir [/usr/lib/x86_64-linux-gnu] ==> [/usr/lib/x86_64-linux-gnu]
  collapse library dir [/usr/lib/../lib] ==> [/usr/lib]
  collapse library dir [/usr/lib/gcc/x86_64-linux-gnu/8/../../..] ==> [/usr/lib]
  implicit libs: [cudadevrt;cudart_static;rt;pthread;dl;stdc++;m;gcc_s;gcc;c;gcc_s;gcc]
  implicit objs: [/usr/lib/x86_64-linux-gnu/Scrt1.o;/usr/lib/x86_64-linux-gnu/crti.o;/usr/lib/gcc/x86_64-linux-gnu/8/crtbeginS.o;/usr/lib/gcc/x86_64-linux-gnu/8/crtendS.o;/usr/lib/x86_64-linux-gnu/crtn.o]
  implicit dirs: [/usr/lib/x86_64-linux-gnu/stubs;/usr/lib/x86_64-linux-gnu;/usr/lib/gcc/x86_64-linux-gnu/8;/usr/lib;/lib/x86_64-linux-gnu;/lib]
  implicit fwks: []


Determining if the include file pthread.h exists passed with the following output:
Change Dir: /home/ioannis/Documents/UCL_project/code_development/GPU_code/github_GPU_Hemepure_HIP_CUDA_ROCM_SL/HemePure_GPU/src/build_VP_LBGK/CMakeFiles/CMakeTmp

Run Build Command(s):/usr/bin/make -f Makefile cmTC_4d815/fast && /usr/bin/make  -f CMakeFiles/cmTC_4d815.dir/build.make CMakeFiles/cmTC_4d815.dir/build
make[1]: Entering directory '/home/ioannis/Documents/UCL_project/code_development/GPU_code/github_GPU_Hemepure_HIP_CUDA_ROCM_SL/HemePure_GPU/src/build_VP_LBGK/CMakeFiles/CMakeTmp'
Building C object CMakeFiles/cmTC_4d815.dir/CheckIncludeFile.c.o
/usr/bin/cc   -fPIC  -o CMakeFiles/cmTC_4d815.dir/CheckIncludeFile.c.o -c /home/ioannis/Documents/UCL_project/code_development/GPU_code/github_GPU_Hemepure_HIP_CUDA_ROCM_SL/HemePure_GPU/src/build_VP_LBGK/CMakeFiles/CMakeTmp/CheckIncludeFile.c
Linking C executable cmTC_4d815
/usr/local/bin/cmake -E cmake_link_script CMakeFiles/cmTC_4d815.dir/link.txt --verbose=1
/usr/bin/cc -fPIC  CMakeFiles/cmTC_4d815.dir/CheckIncludeFile.c.o -o cmTC_4d815 
make[1]: Leaving directory '/home/ioannis/Documents/UCL_project/code_development/GPU_code/github_GPU_Hemepure_HIP_CUDA_ROCM_SL/HemePure_GPU/src/build_VP_LBGK/CMakeFiles/CMakeTmp'



Determining if the function pthread_create exists in the pthread passed with the following output:
Change Dir: /home/ioannis/Documents/UCL_project/code_development/GPU_code/github_GPU_Hemepure_HIP_CUDA_ROCM_SL/HemePure_GPU/src/build_VP_LBGK/CMakeFiles/CMakeTmp

Run Build Command(s):/usr/bin/make -f Makefile cmTC_c7620/fast && /usr/bin/make  -f CMakeFiles/cmTC_c7620.dir/build.make CMakeFiles/cmTC_c7620.dir/build
make[1]: Entering directory '/home/ioannis/Documents/UCL_project/code_development/GPU_code/github_GPU_Hemepure_HIP_CUDA_ROCM_SL/HemePure_GPU/src/build_VP_LBGK/CMakeFiles/CMakeTmp'
Building C object CMakeFiles/cmTC_c7620.dir/CheckFunctionExists.c.o
/usr/bin/cc   -fPIC -DCHECK_FUNCTION_EXISTS=pthread_create -o CMakeFiles/cmTC_c7620.dir/CheckFunctionExists.c.o -c /usr/local/share/cmake-3.22/Modules/CheckFunctionExists.c
Linking C executable cmTC_c7620
/usr/local/bin/cmake -E cmake_link_script CMakeFiles/cmTC_c7620.dir/link.txt --verbose=1
/usr/bin/cc -fPIC -DCHECK_FUNCTION_EXISTS=pthread_create CMakeFiles/cmTC_c7620.dir/CheckFunctionExists.c.o -o cmTC_c7620  -lpthread 
make[1]: Leaving directory '/home/ioannis/Documents/UCL_project/code_development/GPU_code/github_GPU_Hemepure_HIP_CUDA_ROCM_SL/HemePure_GPU/src/build_VP_LBGK/CMakeFiles/CMakeTmp'



Performing C++ SOURCE FILE Test HAVE_RUSAGE succeeded with the following output:
Change Dir: /home/ioannis/Documents/UCL_project/code_development/GPU_code/github_GPU_Hemepure_HIP_CUDA_ROCM_SL/HemePure_GPU/src/build_VP_LBGK/CMakeFiles/CMakeTmp

Run Build Command(s):/usr/bin/make -f Makefile cmTC_8e911/fast && /usr/bin/make  -f CMakeFiles/cmTC_8e911.dir/build.make CMakeFiles/cmTC_8e911.dir/build
make[1]: Entering directory '/home/ioannis/Documents/UCL_project/code_development/GPU_code/github_GPU_Hemepure_HIP_CUDA_ROCM_SL/HemePure_GPU/src/build_VP_LBGK/CMakeFiles/CMakeTmp'
Building CXX object CMakeFiles/cmTC_8e911.dir/src.cxx.o
/usr/bin/c++ -DHAVE_RUSAGE  -Wno-deprecated-declarations -O3  -std=c++17 -o CMakeFiles/cmTC_8e911.dir/src.cxx.o -c /home/ioannis/Documents/UCL_project/code_development/GPU_code/github_GPU_Hemepure_HIP_CUDA_ROCM_SL/HemePure_GPU/src/build_VP_LBGK/CMakeFiles/CMakeTmp/src.cxx
Linking CXX executable cmTC_8e911
/usr/local/bin/cmake -E cmake_link_script CMakeFiles/cmTC_8e911.dir/link.txt --verbose=1
/usr/bin/c++  -Wno-deprecated-declarations -O3  CMakeFiles/cmTC_8e911.dir/src.cxx.o -o cmTC_8e911 
make[1]: Leaving directory '/home/ioannis/Documents/UCL_project/code_development/GPU_code/github_GPU_Hemepure_HIP_CUDA_ROCM_SL/HemePure_GPU/src/build_VP_LBGK/CMakeFiles/CMakeTmp'


Source file was:
#include <sys/time.h>
#include <sys/resource.h>
int main(int c,char** v){ rusage usage;
getrusage(RUSAGE_SELF, &usage);
return usage.ru_maxrss; }
Determining if the fopencookie exist passed with the following output:
Change Dir: /home/ioannis/Documents/UCL_project/code_development/GPU_code/github_GPU_Hemepure_HIP_CUDA_ROCM_SL/HemePure_GPU/src/build_VP_LBGK/CMakeFiles/CMakeTmp

Run Build Command(s):/usr/bin/make -f Makefile cmTC_ad5ae/fast && /usr/bin/make  -f CMakeFiles/cmTC_ad5ae.dir/build.make CMakeFiles/cmTC_ad5ae.dir/build
make[1]: Entering directory '/home/ioannis/Documents/UCL_project/code_development/GPU_code/github_GPU_Hemepure_HIP_CUDA_ROCM_SL/HemePure_GPU/src/build_VP_LBGK/CMakeFiles/CMakeTmp'
Building CXX object CMakeFiles/cmTC_ad5ae.dir/CheckSymbolExists.cxx.o
/usr/bin/c++   -Wno-deprecated-declarations -O3  -std=c++17 -o CMakeFiles/cmTC_ad5ae.dir/CheckSymbolExists.cxx.o -c /home/ioannis/Documents/UCL_project/code_development/GPU_code/github_GPU_Hemepure_HIP_CUDA_ROCM_SL/HemePure_GPU/src/build_VP_LBGK/CMakeFiles/CMakeTmp/CheckSymbolExists.cxx
Linking CXX executable cmTC_ad5ae
/usr/local/bin/cmake -E cmake_link_script CMakeFiles/cmTC_ad5ae.dir/link.txt --verbose=1
/usr/bin/c++  -Wno-deprecated-declarations -O3  CMakeFiles/cmTC_ad5ae.dir/CheckSymbolExists.cxx.o -o cmTC_ad5ae 
make[1]: Leaving directory '/home/ioannis/Documents/UCL_project/code_development/GPU_code/github_GPU_Hemepure_HIP_CUDA_ROCM_SL/HemePure_GPU/src/build_VP_LBGK/CMakeFiles/CMakeTmp'


File /home/ioannis/Documents/UCL_project/code_development/GPU_code/github_GPU_Hemepure_HIP_CUDA_ROCM_SL/HemePure_GPU/src/build_VP_LBGK/CMakeFiles/CMakeTmp/CheckSymbolExists.cxx:
/* */
#include <stdio.h>

int main(int argc, char** argv)
{
  (void)argv;
#ifndef fopencookie
  return ((int*)(&fopencookie))[argc];
#else
  (void)argc;
  return 0;
#endif
}
Performing C++ SOURCE FILE Test HAVE_CONSTCORRECTMPI succeeded with the following output:
Change Dir: /home/ioannis/Documents/UCL_project/code_development/GPU_code/github_GPU_Hemepure_HIP_CUDA_ROCM_SL/HemePure_GPU/src/build_VP_LBGK/CMakeFiles/CMakeTmp

Run Build Command(s):/usr/bin/make -f Makefile cmTC_63f84/fast && /usr/bin/make  -f CMakeFiles/cmTC_63f84.dir/build.make CMakeFiles/cmTC_63f84.dir/build
make[1]: Entering directory '/home/ioannis/Documents/UCL_project/code_development/GPU_code/github_GPU_Hemepure_HIP_CUDA_ROCM_SL/HemePure_GPU/src/build_VP_LBGK/CMakeFiles/CMakeTmp'
Building CXX object CMakeFiles/cmTC_63f84.dir/src.cxx.o
/usr/bin/c++ -DHAVE_CONSTCORRECTMPI -I/opt/openmpi-3.0.0/include -Wno-deprecated-declarations -O3 -Werror   -pthread -std=c++17 -o CMakeFiles/cmTC_63f84.dir/src.cxx.o -c /home/ioannis/Documents/UCL_project/code_development/GPU_code/github_GPU_Hemepure_HIP_CUDA_ROCM_SL/HemePure_GPU/src/build_VP_LBGK/CMakeFiles/CMakeTmp/src.cxx
Linking CXX executable cmTC_63f84
/usr/local/bin/cmake -E cmake_link_script CMakeFiles/cmTC_63f84.dir/link.txt --verbose=1
/usr/bin/c++  -Wno-deprecated-declarations -O3 -Werror CMakeFiles/cmTC_63f84.dir/src.cxx.o -o cmTC_63f84  -Wl,-rpath,/opt/openmpi-3.0.0/lib /opt/openmpi-3.0.0/lib/libmpi.so 
make[1]: Leaving directory '/home/ioannis/Documents/UCL_project/code_development/GPU_code/github_GPU_Hemepure_HIP_CUDA_ROCM_SL/HemePure_GPU/src/build_VP_LBGK/CMakeFiles/CMakeTmp'


Source file was:
#include <mpi.h>
int main(int argc, char* argv[]) {
	const int send = 0;
	int recv;
	MPI_Request req;
	MPI_Init(&argc, &argv);
	MPI_Irecv(&recv, 1, MPI_INT, 0, 0, MPI_COMM_WORLD, &req);
	MPI_Send(&send, 1, MPI_INT, 0, 0, MPI_COMM_WORLD);
	MPI_Wait(&req, MPI_STATUS_IGNORE);
	MPI_Finalize();
}
Performing C++ SOURCE FILE Test HAVE_XDRUINTXX_T succeeded with the following output:
Change Dir: /home/ioannis/Documents/UCL_project/code_development/GPU_code/github_GPU_Hemepure_HIP_CUDA_ROCM_SL/HemePure_GPU/src/build_VP_LBGK/CMakeFiles/CMakeTmp

Run Build Command(s):/usr/bin/make -f Makefile cmTC_d4bdf/fast && /usr/bin/make  -f CMakeFiles/cmTC_d4bdf.dir/build.make CMakeFiles/cmTC_d4bdf.dir/build
make[1]: Entering directory '/home/ioannis/Documents/UCL_project/code_development/GPU_code/github_GPU_Hemepure_HIP_CUDA_ROCM_SL/HemePure_GPU/src/build_VP_LBGK/CMakeFiles/CMakeTmp'
Building CXX object CMakeFiles/cmTC_d4bdf.dir/src.cxx.o
/usr/bin/c++ -DHAVE_XDRUINTXX_T -I/home/ioannis/Documents/UCL_project/code_development/GPU_code/github_GPU_Hemepure_HIP_CUDA_ROCM_SL/HemePure_GPU/dep/install/include/tirpc -Wno-deprecated-declarations -O3 -Werror   -pthread -std=c++17 -o CMakeFiles/cmTC_d4bdf.dir/src.cxx.o -c /home/ioannis/Documents/UCL_project/code_development/GPU_code/github_GPU_Hemepure_HIP_CUDA_ROCM_SL/HemePure_GPU/src/build_VP_LBGK/CMakeFiles/CMakeTmp/src.cxx
Linking CXX executable cmTC_d4bdf
/usr/local/bin/cmake -E cmake_link_script CMakeFiles/cmTC_d4bdf.dir/link.txt --verbose=1
/usr/bin/c++  -Wno-deprecated-declarations -O3 -Werror CMakeFiles/cmTC_d4bdf.dir/src.cxx.o -o cmTC_d4bdf  -Wl,-rpath,/home/ioannis/Documents/UCL_project/code_development/GPU_code/github_GPU_Hemepure_HIP_CUDA_ROCM_SL/HemePure_GPU/dep/install/lib /home/ioannis/Documents/UCL_project/code_development/GPU_code/github_GPU_Hemepure_HIP_CUDA_ROCM_SL/HemePure_GPU/dep/install/lib/libtirpc.so 
make[1]: Leaving directory '/home/ioannis/Documents/UCL_project/code_development/GPU_code/github_GPU_Hemepure_HIP_CUDA_ROCM_SL/HemePure_GPU/src/build_VP_LBGK/CMakeFiles/CMakeTmp'


Source file was:

#include <stdint.h>
#include <rpc/types.h>
#include <rpc/xdr.h>
int main(int count, char** v){
	char buffer[15] = "aaaaaaaaaaaaa";
	XDR xdr;
	xdrmem_create(&xdr, buffer, 32, XDR_ENCODE);
	uint16_t a;
	uint32_t b;
	uint64_t c;
	xdr_uint16_t(&xdr, &a);
	xdr_uint32_t(&xdr, &b);
	xdr_uint64_t(&xdr, &c);
	return b;
}
